major,gender,part_time,gradeText,ClassGPAX,Good_math,GenEdCA,MajorCA,OtherCA,ExamPrepare
คณิตศาสตร์,หญิง,ทำ,"ภาคการศึกษาที่ 1/2563
รหัสวิชา	ชื่อรายวิชา	หน่วยกิต	เกรด
   001211	English Listening and Speaking for Communication	3	  C
   001226	Ways of Living in the Digital Age	3	  B
   001276	Energy and Technology Around Us	3	  A
   001281	Sports and Exercises	1	  S
   001303	Reading in the Digital Age Century	3	  C+
   252111	Fundamental Calculus	4	  D+
   256103	Introductory Chemistry	4	  C
ผลการศึกษา :ปกติ
THIS SEMESTER	CUMULATIVE TO THIS SEMESTER
C.Register
21	C.Earn
20	CA
20	GP
48.5	GPA
2.42	C.Register
21	C.Earn
20	CA
20	GP
48.5	GPA
2.42

ภาคการศึกษาที่ 2/2563
รหัสวิชา	ชื่อรายวิชา	หน่วยกิต	เกรด
   001212	English Critical Reading for Effective Communication	3	  B+
   001228	Happiness with Hobbies	3	  A
   001234	Civilization and Local Wisdom	3	  B+
   252100	History and Development of Mathematics	1	  C
   252112	Calculus	4	  C+
   252141	Principles of Mathematics	3	  C
   261103	Introductory Physics	4	  C
ผลการศึกษา :ปกติ
THIS SEMESTER	CUMULATIVE TO THIS SEMESTER
C.Register
21	C.Earn
21	CA
21	GP
59	GPA
2.80	C.Register
42	C.Earn
41	CA
41	GP
107.5	GPA
2.62
",2.71,ไม่ชอบ,ขาดเรียนบ้างเล็กน้อย (ขาดเรียนไม่เกิน 3 ครั้งของภาคเรียน),ไม่ขาดเรียนเลย,ขาดเรียนบ้างเล็กน้อย (ขาดเรียนไม่เกิน 3 ครั้งของภาคเรียน),ทบทวน อ่านหนังสือคนเดียว
คณิตศาสตร์,หญิง,ไม่ได้ทำ,"ภาคการศึกษาที่ 1/2563
รหัสวิชา	ชื่อรายวิชา	หน่วยกิต	เกรด
   001211	English Listening and Speaking for Communication	3	  C
   001226	Ways of Living in the Digital Age	3	  B
   001273	Mathematics and Statistics in Everyday Life	3	  C
   001281	Sports and Exercises	1	  S
   001303	Reading in the Digital Age Century	3	  C
   252111	Fundamental Calculus	4	  C+
   256103	Introductory Chemistry	4	  C
ผลการศึกษา :ปกติ
THIS SEMESTER	CUMULATIVE TO THIS SEMESTER
C.Register
21	C.Earn
20	CA
20	GP
45	GPA
2.25	C.Register
21	C.Earn
20	CA
20	GP
45	GPA
2.25

ภาคการศึกษาที่ 2/2563
รหัสวิชา	ชื่อรายวิชา	หน่วยกิต	เกรด
   001212	English Critical Reading for Effective Communication	3	  B+
   001227	Music Studies in Thai Culture	3	  A
   001234	Civilization and Local Wisdom	3	  B+
   252100	History and Development of Mathematics	1	  C+
   252112	Calculus	4	  C
   252141	Principles of Mathematics	3	  C
   261103	Introductory Physics	4	  D
ผลการศึกษา :ปกติ
THIS SEMESTER	CUMULATIVE TO THIS SEMESTER
C.Register
21	C.Earn
21	CA
21	GP
53.5	GPA
2.54	C.Register
42	C.Earn
41	CA
41	GP
98.5	GPA
2.40
",2.5,ไม่ชอบ,ขาดเรียนบ้างเล็กน้อย (ขาดเรียนไม่เกิน 3 ครั้งของภาคเรียน),ขาดเรียนบ้างเล็กน้อย (ขาดเรียนไม่เกิน 3 ครั้งของภาคเรียน),ขาดเรียนบ้างเล็กน้อย (ขาดเรียนไม่เกิน 3 ครั้งของภาคเรียน),ติวหนังสือกับกลุ่มเพื่อน
คณิตศาสตร์,หญิง,ทำ,"ภาคการศึกษาที่ 1/2563
รหัสวิชา	ชื่อรายวิชา	หน่วยกิต	เกรด
   001211	English Listening and Speaking for Communication	3	  C
   001222	Language, Society and Culture	3	  C+
   001273	Mathematics and Statistics in Everyday Life	3	  B+
   001281	Sports and Exercises	1	  S
   001301	Thai Language for Academic Communication	3	  B
   252111	Fundamental Calculus	4	  B
   256103	Introductory Chemistry	4	  C+
ผลการศึกษา :ปกติ
THIS SEMESTER	CUMULATIVE TO THIS SEMESTER
C.Register
21	C.Earn
20	CA
20	GP
55	GPA
2.75	C.Register
21	C.Earn
20	CA
20	GP
55	GPA
2.75

ภาคการศึกษาที่ 2/2563
รหัสวิชา	ชื่อรายวิชา	หน่วยกิต	เกรด
   001213	English Writing for Effective Communication	3	  B+
   001221	Information Science for Study and Research	3	  A
   001234	Civilization and Local Wisdom	3	  A
   252100	History and Development of Mathematics	1	  C+
   252112	Calculus	4	  C+
   252141	Principles of Mathematics	3	  C+
   261103	Introductory Physics	4	  C+
ผลการศึกษา :ปกติ
THIS SEMESTER	CUMULATIVE TO THIS SEMESTER
C.Register
21	C.Earn
21	CA
21	GP
64.5	GPA
3.07	C.Register
42	C.Earn
41	CA
41	GP
119.5	GPA",3.17,ชอบ,ขาดเรียนบ้างเล็กน้อย (ขาดเรียนไม่เกิน 3 ครั้งของภาคเรียน),ขาดเรียนบ้างเล็กน้อย (ขาดเรียนไม่เกิน 3 ครั้งของภาคเรียน),ขาดเรียนบ้างเล็กน้อย (ขาดเรียนไม่เกิน 3 ครั้งของภาคเรียน),ติวหนังสือกับกลุ่มเพื่อน
คณิตศาสตร์,หญิง,ไม่ได้ทำ,"ภาคการศึกษาที่ 1/2563
รหัสวิชา	ชื่อรายวิชา	หน่วยกิต	เกรด
   001211	English Listening and Speaking for Communication	3	  C+
   001226	Ways of Living in the Digital Age	3	  B
   001271	Man and Environment	3	  A
   001281	Sports and Exercises	1	  S
   001301	Thai Language for Academic Communication	3	  C+
   252111	Fundamental Calculus	4	  B+
   256103	Introductory Chemistry	4	  C+
ผลการศึกษา :ปกติ
THIS SEMESTER	CUMULATIVE TO THIS SEMESTER
C.Register
21	C.Earn
20	CA
20	GP
60	GPA
3.00	C.Register
21	C.Earn
20	CA
20	GP
60	GPA
3.00

ภาคการศึกษาที่ 2/2563
รหัสวิชา	ชื่อรายวิชา	หน่วยกิต	เกรด
   001212	English Critical Reading for Effective Communication	3	  B
   001227	Music Studies in Thai Culture	3	  A
   001234	Civilization and Local Wisdom	3	  A
   252100	History and Development of Mathematics	1	  C+
   252112	Calculus	4	  A
   252141	Principles of Mathematics	3	  C
   261103	Introductory Physics	4	  C
ผลการศึกษา :ปกติ
THIS SEMESTER	CUMULATIVE TO THIS SEMESTER
C.Register
21	C.Earn
21	CA
21	GP
65.5	GPA
3.11	C.Register
42	C.Earn
41	CA
41	GP
125.5	GPA
3.06
",3.05,ชอบ,ไม่ขาดเรียนเลย,ไม่ขาดเรียนเลย,ไม่ขาดเรียนเลย,ติวหนังสือกับกลุ่มเพื่อน
คณิตศาสตร์,หญิง,ไม่ได้ทำ,"ภาคการศึกษาที่ 1/2563
รหัสวิชา	ชื่อรายวิชา	หน่วยกิต	เกรด
   001211	English Listening and Speaking for Communication	3	  B
   001222	Language, Society and Culture	3	  A
   001273	Mathematics and Statistics in Everyday Life	3	  A
   001281	Sports and Exercises	1	  S
   001301	Thai Language for Academic Communication	3	  B+
   252111	Fundamental Calculus	4	  B+
   256103	Introductory Chemistry	4	  C+
ผลการศึกษา :ปกติ
THIS SEMESTER	CUMULATIVE TO THIS SEMESTER
C.Register
21	C.Earn
20	CA
20	GP
67.5	GPA
3.37	C.Register
21	C.Earn
20	CA
20	GP
67.5	GPA
3.37

ภาคการศึกษาที่ 2/2563
รหัสวิชา	ชื่อรายวิชา	หน่วยกิต	เกรด
   001213	English Writing for Effective Communication	3	  B+
   001221	Information Science for Study and Research	3	  A
   001234	Civilization and Local Wisdom	3	  A
   252100	History and Development of Mathematics	1	  B
   252112	Calculus	4	  A
   252141	Principles of Mathematics	3	  B
   261103	Introductory Physics	4	  C
ผลการศึกษา :ปกติ
THIS SEMESTER	CUMULATIVE TO THIS SEMESTER
C.Register
21	C.Earn
21	CA
21	GP
70.5	GPA
3.35	C.Register
42	C.Earn
41	CA
41	GP
138	GPA",3.61,ชอบ,ไม่ขาดเรียนเลย,ไม่ขาดเรียนเลย,ไม่ขาดเรียนเลย,ติวหนังสือกับกลุ่มเพื่อน
คณิตศาสตร์,หญิง,ไม่ได้ทำ,"ภาคการศึกษาที่ 1/2563
รหัสวิชา	ชื่อรายวิชา	หน่วยกิต	เกรด
   001211	English Listening and Speaking for Communication	3	  C+
   001226	Ways of Living in the Digital Age	3	  B
   001279	Science in Everyday Life	3	  B
   001281	Sports and Exercises	1	  S
   001303	Reading in the Digital Age Century	3	  C
   252111	Fundamental Calculus	4	  D
   256103	Introductory Chemistry	4	  C
ผลการศึกษา :ปกติ
THIS SEMESTER	CUMULATIVE TO THIS SEMESTER
C.Register
21	C.Earn
20	CA
20	GP
43.5	GPA
2.17	C.Register
21	C.Earn
20	CA
20	GP
43.5	GPA
2.17

ภาคการศึกษาที่ 2/2563
รหัสวิชา	ชื่อรายวิชา	หน่วยกิต	เกรด
   001212	English Critical Reading for Effective Communication	3	  B
   001331	Social Innovation	3	  A
   001351	From Sufficiency Economy Philosophy (SEP) to Practice	3	  A
   252100	History and Development of Mathematics	1	  B+
   252112	Calculus	4	  C
   252141	Principles of Mathematics	3	  D
   261103	Introductory Physics	4	  D+
ผลการศึกษา :ปกติ
THIS SEMESTER	CUMULATIVE TO THIS SEMESTER
C.Register
21	C.Earn
21	CA
21	GP
53.5	GPA
2.54	C.Register
42	C.Earn
41	CA
41	GP
97	GPA
2.36",2.53,ชอบ,ขาดเรียนบ้างเล็กน้อย (ขาดเรียนไม่เกิน 3 ครั้งของภาคเรียน),ขาดเรียนบ้างเล็กน้อย (ขาดเรียนไม่เกิน 3 ครั้งของภาคเรียน),ขาดเรียนบ้างเล็กน้อย (ขาดเรียนไม่เกิน 3 ครั้งของภาคเรียน),ทบทวน อ่านหนังสือคนเดียว
คณิตศาสตร์,หญิง,ไม่ได้ทำ,"ภาคการศึกษาที่ 1/2563
รหัสวิชา	ชื่อรายวิชา	หน่วยกิต	เกรด
   001211	English Listening and Speaking for Communication	3	  C
   001226	Ways of Living in the Digital Age	3	  B
   001279	Science in Everyday Life	3	  B
   001281	Sports and Exercises	1	  S
   001301	Thai Language for Academic Communication	3	  B+
   252111	Fundamental Calculus	4	  C
   256103	Introductory Chemistry	4	  C
ผลการศึกษา :ปกติ
THIS SEMESTER	CUMULATIVE TO THIS SEMESTER
C.Register
21	C.Earn
20	CA
20	GP
50.5	GPA
2.52	C.Register
21	C.Earn
20	CA
20	GP
50.5	GPA
2.52

ภาคการศึกษาที่ 2/2563
รหัสวิชา	ชื่อรายวิชา	หน่วยกิต	เกรด
   001212	English Critical Reading for Effective Communication	3	  B
   001331	Social Innovation	3	  A
   001351	From Sufficiency Economy Philosophy (SEP) to Practice	3	  A
   252100	History and Development of Mathematics	1	  B
   252112	Calculus	4	  C+
   252141	Principles of Mathematics	3	  C
   261103	Introductory Physics	4	  C
ผลการศึกษา :ปกติ
THIS SEMESTER	CUMULATIVE TO THIS SEMESTER
C.Register
21	C.Earn
21	CA
21	GP
60	GPA
2.85	C.Register
42	C.Earn
41	CA
41	GP
110.5	GPA
2.69",2.79,ชอบ,ไม่ขาดเรียนเลย,ไม่ขาดเรียนเลย,ไม่ขาดเรียนเลย,ทบทวน อ่านหนังสือคนเดียว
คณิตศาสตร์,หญิง,ไม่ได้ทำ,"ภาคการศึกษาที่ 1/2563
รหัสวิชา	ชื่อรายวิชา	หน่วยกิต	เกรด
   001211	English Listening and Speaking for Communication	3	  C+
   001226	Ways of Living in the Digital Age	3	  B
   001275	Food and Life Style	3	  B+
   001281	Sports and Exercises	1	  S
   001302	Thai Language for Communication in the 21st Century	3	  B+
   252111	Fundamental Calculus	4	  B
   256103	Introductory Chemistry	4	  C+
ผลการศึกษา :ปกติ
THIS SEMESTER	CUMULATIVE TO THIS SEMESTER
C.Register
21	C.Earn
20	CA
20	GP
59.5	GPA
2.97	C.Register
21	C.Earn
20	CA
20	GP
59.5	GPA
2.97

ภาคการศึกษาที่ 2/2563
รหัสวิชา	ชื่อรายวิชา	หน่วยกิต	เกรด
   001212	English Critical Reading for Effective Communication	3	  B+
   001234	Civilization and Local Wisdom	3	  A
   001331	Social Innovation	3	  B+
   252100	History and Development of Mathematics	1	  B
   252112	Calculus	4	  A
   252141	Principles of Mathematics	3	  C
   261103	Introductory Physics	4	  C
ผลการศึกษา :ปกติ
THIS SEMESTER	CUMULATIVE TO THIS SEMESTER
C.Register
21	C.Earn
21	CA
21	GP
66	GPA
3.14	C.Register
42	C.Earn
41	CA
41	GP
125.5	GPA
3.06
",2.99,ชอบ,ขาดเรียนบ้างเล็กน้อย (ขาดเรียนไม่เกิน 3 ครั้งของภาคเรียน),ขาดเรียนบ้างเล็กน้อย (ขาดเรียนไม่เกิน 3 ครั้งของภาคเรียน),ขาดเรียนบ้างเล็กน้อย (ขาดเรียนไม่เกิน 3 ครั้งของภาคเรียน),ทบทวน อ่านหนังสือคนเดียว
คณิตศาสตร์,หญิง,ไม่ได้ทำ,"ภาคการศึกษาที่ 1/2563
รหัสวิชา	ชื่อรายวิชา	หน่วยกิต	เกรด
   001211	English Listening and Speaking for Communication	3	  C+
   001273	Mathematics and Statistics in Everyday Life	3	  C+
   001281	Sports and Exercises	1	  S
   001301	Thai Language for Academic Communication	3	  B
   001331	Social Innovation	3	  A
   252111	Fundamental Calculus	4	  B
   256103	Introductory Chemistry	4	  C
ผลการศึกษา :ปกติ
THIS SEMESTER	CUMULATIVE TO THIS SEMESTER
C.Register
21	C.Earn
20	CA
20	GP
56	GPA
2.80	C.Register
21	C.Earn
20	CA
20	GP
56	GPA
2.80

ภาคการศึกษาที่ 2/2563
รหัสวิชา	ชื่อรายวิชา	หน่วยกิต	เกรด
   001213	English Writing for Effective Communication	3	  C+
   001224	Arts in Daily Life	3	  B
   001351	From Sufficiency Economy Philosophy (SEP) to Practice	3	  B+
   252100	History and Development of Mathematics	1	  A
   252112	Calculus	4	  A
   252141	Principles of Mathematics	3	  C+
   261103	Introductory Physics	4	  C
ผลการศึกษา :ปกติ
THIS SEMESTER	CUMULATIVE TO THIS SEMESTER
C.Register
21	C.Earn
21	CA
21	GP
62.5	GPA
2.97	C.Register
42	C.Earn
41	CA
41	GP
118.5	GPA
2.89
",2.85,ไม่ชอบ,ขาดเรียนระดับปานกลาง (ขาดเรียนเกิน 3 ครั้ง แต่ไม่ถึงครึ่งของภาคเรียน),ไม่ขาดเรียนเลย,ขาดเรียนบ้างเล็กน้อย (ขาดเรียนไม่เกิน 3 ครั้งของภาคเรียน),ติวหนังสือกับกลุ่มเพื่อน
คณิตศาสตร์,หญิง,ไม่ได้ทำ,"ภาคการศึกษาที่ 1/2563
รหัสวิชา	ชื่อรายวิชา	หน่วยกิต	เกรด
   001211	English Listening and Speaking for Communication	3	  C+
   001222	Language, Society and Culture	3	  C
   001279	Science in Everyday Life	3	  C+
   001281	Sports and Exercises	1	  S
   001302	Thai Language for Communication in the 21st Century	3	  B+
   252111	Fundamental Calculus	4	  D+
   256103	Introductory Chemistry	4	  C
ผลการศึกษา :ปกติ
THIS SEMESTER	CUMULATIVE TO THIS SEMESTER
C.Register
21	C.Earn
20	CA
20	GP
45.5	GPA
2.27	C.Register
21	C.Earn
20	CA
20	GP
45.5	GPA
2.27

ภาคการศึกษาที่ 2/2563
รหัสวิชา	ชื่อรายวิชา	หน่วยกิต	เกรด
   001212	English Critical Reading for Effective Communication	3	  B
   001227	Music Studies in Thai Culture	3	  A
   001351	From Sufficiency Economy Philosophy (SEP) to Practice	3	  A
   252100	History and Development of Mathematics	1	  B+
   252112	Calculus	4	  C
   252141	Principles of Mathematics	3	  C
   261103	Introductory Physics	4	  D+
ผลการศึกษา :ปกติ
THIS SEMESTER	CUMULATIVE TO THIS SEMESTER
C.Register
21	C.Earn
21	CA
21	GP
56.5	GPA
2.69	C.Register
42	C.Earn
41	CA
41	GP
102	GPA
2.48
",2.75,ชอบ,ขาดเรียนบ้างเล็กน้อย (ขาดเรียนไม่เกิน 3 ครั้งของภาคเรียน),ไม่ขาดเรียนเลย,ขาดเรียนบ้างเล็กน้อย (ขาดเรียนไม่เกิน 3 ครั้งของภาคเรียน),ติวหนังสือกับกลุ่มเพื่อน
คณิตศาสตร์,หญิง,ไม่ได้ทำ,"ภาคการศึกษาที่ 1/2563
รหัสวิชา	ชื่อรายวิชา	หน่วยกิต	เกรด
   001211	English Listening and Speaking for Communication	3	  C
   001226	Ways of Living in the Digital Age	3	  B+
   001273	Mathematics and Statistics in Everyday Life	3	  B+
   001281	Sports and Exercises	1	  S
   001301	Thai Language for Academic Communication	3	  C+
   252111	Fundamental Calculus	4	  A
   256103	Introductory Chemistry	4	  C+
ผลการศึกษา :ปกติ
THIS SEMESTER	CUMULATIVE TO THIS SEMESTER
C.Register
21	C.Earn
20	CA
20	GP
60.5	GPA
3.02	C.Register
21	C.Earn
20	CA
20	GP
60.5	GPA
3.02

ภาคการศึกษาที่ 2/2563
รหัสวิชา	ชื่อรายวิชา	หน่วยกิต	เกรด
   001212	English Critical Reading for Effective Communication	3	  B
   001241	Western Music in Daily Life	3	  B+
   001351	From Sufficiency Economy Philosophy (SEP) to Practice	3	  A
   252100	History and Development of Mathematics	1	  B
   252112	Calculus	4	  A
   252141	Principles of Mathematics	3	  B
   261103	Introductory Physics	4	  C+
ผลการศึกษา :ปกติ
THIS SEMESTER	CUMULATIVE TO THIS SEMESTER
C.Register
21	C.Earn
21	CA
21	GP
69.5	GPA
3.30	C.Register
42	C.Earn
41	CA
41	GP
130	GPA
3.17
",3.18,ชอบ,ขาดเรียนระดับปานกลาง (ขาดเรียนเกิน 3 ครั้ง แต่ไม่ถึงครึ่งของภาคเรียน),ไม่ขาดเรียนเลย,ขาดเรียนบ้างเล็กน้อย (ขาดเรียนไม่เกิน 3 ครั้งของภาคเรียน),ทบทวน อ่านหนังสือคนเดียว
คณิตศาสตร์,หญิง,ไม่ได้ทำ,"ภาคการศึกษาที่ 1/2563
รหัสวิชา	ชื่อรายวิชา	หน่วยกิต	เกรด
   001211	English Listening and Speaking for Communication	3	  B+
   001227	Music Studies in Thai Culture	3	  A
   001273	Mathematics and Statistics in Everyday Life	3	  B
   001281	Sports and Exercises	1	  S
   001301	Thai Language for Academic Communication	3	  B+
   252111	Fundamental Calculus	4	  B
   256103	Introductory Chemistry	4	  C+
ผลการศึกษา :ปกติ
THIS SEMESTER	CUMULATIVE TO THIS SEMESTER
C.Register
21	C.Earn
20	CA
20	GP
64	GPA
3.20	C.Register
21	C.Earn
20	CA
20	GP
64	GPA
3.20

ภาคการศึกษาที่ 2/2563
รหัสวิชา	ชื่อรายวิชา	หน่วยกิต	เกรด
   001212	English Critical Reading for Effective Communication	3	  A
   001226	Ways of Living in the Digital Age	3	  B
   001351	From Sufficiency Economy Philosophy (SEP) to Practice	3	  A
   252100	History and Development of Mathematics	1	  B
   252112	Calculus	4	  A
   252141	Principles of Mathematics	3	  B+
   261103	Introductory Physics	4	  C
ผลการศึกษา :ปกติ
THIS SEMESTER	CUMULATIVE TO THIS SEMESTER
C.Register
21	C.Earn
21	CA
21	GP
70.5	GPA
3.35	C.Register
42	C.Earn
41	CA
41	GP
134.5	GPA
3.28",3.43,ชอบ,ขาดเรียนบ้างเล็กน้อย (ขาดเรียนไม่เกิน 3 ครั้งของภาคเรียน),ขาดเรียนบ้างเล็กน้อย (ขาดเรียนไม่เกิน 3 ครั้งของภาคเรียน),ขาดเรียนบ้างเล็กน้อย (ขาดเรียนไม่เกิน 3 ครั้งของภาคเรียน),ติวหนังสือกับกลุ่มเพื่อน
คณิตศาสตร์,หญิง,ไม่ได้ทำ,"ภาคการศึกษาที่ 1/2563
รหัสวิชา	ชื่อรายวิชา	หน่วยกิต	เกรด
   001211	English Listening and Speaking for Communication	3	  A
   001227	Music Studies in Thai Culture	3	  A
   001279	Science in Everyday Life	3	  A
   001281	Sports and Exercises	1	  S
   001301	Thai Language for Academic Communication	3	  B
   252111	Fundamental Calculus	4	  C
   256103	Introductory Chemistry	4	  C
ผลการศึกษา :ปกติ
THIS SEMESTER	CUMULATIVE TO THIS SEMESTER
C.Register
21	C.Earn
20	CA
20	GP
61	GPA
3.05	C.Register
21	C.Earn
20	CA
20	GP
61	GPA
3.05

ภาคการศึกษาที่ 2/2563
รหัสวิชา	ชื่อรายวิชา	หน่วยกิต	เกรด
   001212	English Critical Reading for Effective Communication	3	  B+
   001331	Social Innovation	3	  A
   001351	From Sufficiency Economy Philosophy (SEP) to Practice	3	  A
   252100	History and Development of Mathematics	1	  B
   252112	Calculus	4	  B
   252141	Principles of Mathematics	3	  C
   261103	Introductory Physics	4	  C
ผลการศึกษา :ปกติ
THIS SEMESTER	CUMULATIVE TO THIS SEMESTER
C.Register
21	C.Earn
21	CA
21	GP
63.5	GPA
3.02	C.Register
42	C.Earn
41	CA
41	GP
124.5	GPA",3.11,ชอบ,ไม่ขาดเรียนเลย,ไม่ขาดเรียนเลย,ไม่ขาดเรียนเลย,ทบทวน อ่านหนังสือคนเดียว
คณิตศาสตร์,ชาย,ทำ,"ภาคการศึกษาที่ 1/2563
รหัสวิชา	ชื่อรายวิชา	หน่วยกิต	เกรด
   001211	English Listening and Speaking for Communication	3	  B
   001226	Ways of Living in the Digital Age	3	  C+
   001275	Food and Life Style	3	  C
   001281	Sports and Exercises	1	  S
   001303	Reading in the Digital Age Century	3	  C
   252111	Fundamental Calculus	4	  C
   256103	Introductory Chemistry	4	  D+
ผลการศึกษา :ปกติ
THIS SEMESTER	CUMULATIVE TO THIS SEMESTER
C.Register
21	C.Earn
20	CA
20	GP
42.5	GPA
2.12	C.Register
21	C.Earn
20	CA
20	GP
42.5	GPA
2.12

ภาคการศึกษาที่ 2/2563
รหัสวิชา	ชื่อรายวิชา	หน่วยกิต	เกรด
   001212	English Critical Reading for Effective Communication	3	  B+
   001241	Western Music in Daily Life	3	  A
   001251	Group Dynamics and Teamwork	3	  B
   252100	History and Development of Mathematics	1	  C
   252112	Calculus	4	  D+
   252141	Principles of Mathematics	3	  C
   261103	Introductory Physics	4	  D+
ผลการศึกษา :ปกติ
THIS SEMESTER	CUMULATIVE TO THIS SEMESTER
C.Register
21	C.Earn
21	CA
21	GP
51.5	GPA
2.45	C.Register
42	C.Earn
41	CA
41	GP
94	GPA
2.29
",2.08,ไม่ชอบ,ขาดเรียนระดับปานกลาง (ขาดเรียนเกิน 3 ครั้ง แต่ไม่ถึงครึ่งของภาคเรียน),ขาดเรียนเป็นส่วนใหญ่ (ขาดเกินครึ่งของภาคเรียน),ขาดเรียนเป็นส่วนใหญ่ (ขาดเกินครึ่งของภาคเรียน),ไม่อ่าน
คณิตศาสตร์,หญิง,ไม่ได้ทำ,"ภาคการศึกษาที่ 1/2563
รหัสวิชา	ชื่อรายวิชา	หน่วยกิต	เกรด
   001211	English Listening and Speaking for Communication	3	  B
   001278	Life and Health	3	  B
   001281	Sports and Exercises	1	  S
   001301	Thai Language for Academic Communication	3	  B
   001331	Social Innovation	3	  A
   252111	Fundamental Calculus	4	  B
   256103	Introductory Chemistry	4	  C
ผลการศึกษา :ปกติ
THIS SEMESTER	CUMULATIVE TO THIS SEMESTER
C.Register
21	C.Earn
20	CA
20	GP
59	GPA
2.95	C.Register
21	C.Earn
20	CA
20	GP
59	GPA
2.95

ภาคการศึกษาที่ 2/2563
รหัสวิชา	ชื่อรายวิชา	หน่วยกิต	เกรด
   001212	English Critical Reading for Effective Communication	3	  C+
   001226	Ways of Living in the Digital Age	3	  C+
   001234	Civilization and Local Wisdom	3	  B+
   252100	History and Development of Mathematics	1	  C
   252112	Calculus	4	  C+
   252141	Principles of Mathematics	3	  C
   261103	Introductory Physics	4	  C
ผลการศึกษา :ปกติ
THIS SEMESTER	CUMULATIVE TO THIS SEMESTER
C.Register
21	C.Earn
21	CA
21	GP
51.5	GPA
2.45	C.Register
42	C.Earn
41	CA
41	GP
110.5	GPA
2.69
",2.95,ชอบ,ไม่ขาดเรียนเลย,ไม่ขาดเรียนเลย,ไม่ขาดเรียนเลย,ทบทวน อ่านหนังสือคนเดียว
คณิตศาสตร์,หญิง,ไม่ได้ทำ,"ภาคการศึกษาที่ 1/2563
รหัสวิชา	ชื่อรายวิชา	หน่วยกิต	เกรด
   001211	English Listening and Speaking for Communication	3	  B+
   001227	Music Studies in Thai Culture	3	  A
   001276	Energy and Technology Around Us	3	  B
   001281	Sports and Exercises	1	  S
   001301	Thai Language for Academic Communication	3	  B
   252111	Fundamental Calculus	4	  B
   256103	Introductory Chemistry	4	  C
ผลการศึกษา :ปกติ
THIS SEMESTER	CUMULATIVE TO THIS SEMESTER
C.Register
21	C.Earn
20	CA
20	GP
60.5	GPA
3.02	C.Register
21	C.Earn
20	CA
20	GP
60.5	GPA
3.02

ภาคการศึกษาที่ 2/2563
รหัสวิชา	ชื่อรายวิชา	หน่วยกิต	เกรด
   001212	English Critical Reading for Effective Communication	3	  A
   001237	Life Skills	3	  A
   001241	Western Music in Daily Life	3	  A
   252100	History and Development of Mathematics	1	  C
   252112	Calculus	4	  C+
   252141	Principles of Mathematics	3	  C+
   261103	Introductory Physics	4	  C
ผลการศึกษา :ปกติ
THIS SEMESTER	CUMULATIVE TO THIS SEMESTER
C.Register
21	C.Earn
21	CA
21	GP
63.5	GPA
3.02	C.Register
42	C.Earn
41	CA
41	GP
124	GPA
3.02",2.98,ชอบ,ขาดเรียนบ้างเล็กน้อย (ขาดเรียนไม่เกิน 3 ครั้งของภาคเรียน),ขาดเรียนบ้างเล็กน้อย (ขาดเรียนไม่เกิน 3 ครั้งของภาคเรียน),ขาดเรียนบ้างเล็กน้อย (ขาดเรียนไม่เกิน 3 ครั้งของภาคเรียน),ติวหนังสือกับกลุ่มเพื่อน
คณิตศาสตร์,หญิง,ไม่ได้ทำ,"ภาคการศึกษาที่ 1/2563
รหัสวิชา	ชื่อรายวิชา	หน่วยกิต	เกรด
   001211	English Listening and Speaking for Communication	3	  C
   001273	Mathematics and Statistics in Everyday Life	3	  D
   001281	Sports and Exercises	1	  S
   001301	Thai Language for Academic Communication	3	  C+
   001331	Social Innovation	3	  A
   252111	Fundamental Calculus	4	  D+
   256103	Introductory Chemistry	4	  C
ผลการศึกษา :ปกติ
THIS SEMESTER	CUMULATIVE TO THIS SEMESTER
C.Register
21	C.Earn
20	CA
20	GP
42.5	GPA
2.12	C.Register
21	C.Earn
20	CA
20	GP
42.5	GPA
2.12

ภาคการศึกษาที่ 2/2563
รหัสวิชา	ชื่อรายวิชา	หน่วยกิต	เกรด
   001212	English Critical Reading for Effective Communication	3	  C+
   001226	Ways of Living in the Digital Age	3	  C
   001237	Life Skills	3	  A
   252100	History and Development of Mathematics	1	  C+
   252112	Calculus	4	  C
   252141	Principles of Mathematics	3	  F
   261103	Introductory Physics	4	  D+
ผลการศึกษา :ปกติ
THIS SEMESTER	CUMULATIVE TO THIS SEMESTER
C.Register
21	C.Earn
18	CA
21	GP
42	GPA
2.00	C.Register
42	C.Earn
38	CA
41	GP
84.5	GPA
2.06
",2.1,ไม่ชอบ,ขาดเรียนบ้างเล็กน้อย (ขาดเรียนไม่เกิน 3 ครั้งของภาคเรียน),ไม่ขาดเรียนเลย,ขาดเรียนบ้างเล็กน้อย (ขาดเรียนไม่เกิน 3 ครั้งของภาคเรียน),ติวหนังสือกับกลุ่มเพื่อน
คณิตศาสตร์,หญิง,ไม่ได้ทำ,"ภาคการศึกษาที่ 1/2563
รหัสวิชา	ชื่อรายวิชา	หน่วยกิต	เกรด
   001211	English Listening and Speaking for Communication	3	  C
   001226	Ways of Living in the Digital Age	3	  B
   001273	Mathematics and Statistics in Everyday Life	3	  C
   001281	Sports and Exercises	1	  S
   001302	Thai Language for Communication in the 21st Century	3	  B+
   001303	Reading in the Digital Age Century	3	  W
   252111	Fundamental Calculus	4	  F
   256103	Introductory Chemistry	4	  C
ผลการศึกษา :ปกติ
THIS SEMESTER	CUMULATIVE TO THIS SEMESTER
C.Register
21	C.Earn
16	CA
20	GP
39.5	GPA
1.97	C.Register
21	C.Earn
16	CA
20	GP
39.5	GPA
1.97

ภาคการศึกษาที่ 2/2563
รหัสวิชา	ชื่อรายวิชา	หน่วยกิต	เกรด
   001212	English Critical Reading for Effective Communication	3	  B+
   001227	Music Studies in Thai Culture	3	  A
   001237	Life Skills	3	  A
   252100	History and Development of Mathematics	1	  B
   252111	Fundamental Calculus	4	  D+
   252141	Principles of Mathematics	3	  C
   261103	Introductory Physics	4	  D+
ผลการศึกษา :ปกติ
THIS SEMESTER	CUMULATIVE TO THIS SEMESTER
C.Register
21	C.Earn
21	CA
21	GP
55.5	GPA
2.64	C.Register
42	C.Earn
37	CA
37	GP
95	GPA
2.56
",2.58,ไม่ชอบ,ขาดเรียนบ้างเล็กน้อย (ขาดเรียนไม่เกิน 3 ครั้งของภาคเรียน),ไม่ขาดเรียนเลย,ไม่ขาดเรียนเลย,ติวหนังสือกับกลุ่มเพื่อน
คณิตศาสตร์,หญิง,ไม่ได้ทำ,"ภาคการศึกษาที่ 1/2563
รหัสวิชา	ชื่อรายวิชา	หน่วยกิต	เกรด
   001211	English Listening and Speaking for Communication	3	  C
   001226	Ways of Living in the Digital Age	3	  B
   001271	Man and Environment	3	  B
   001281	Sports and Exercises	1	  S
   001301	Thai Language for Academic Communication	3	  B
   252111	Fundamental Calculus	4	  W
   256103	Introductory Chemistry	4	  D+
ผลการศึกษา :ปกติ
THIS SEMESTER	CUMULATIVE TO THIS SEMESTER
C.Register
17	C.Earn
16	CA
16	GP
39	GPA
2.43	C.Register
17	C.Earn
16	CA
16	GP
39	GPA
2.43

ภาคการศึกษาที่ 2/2563
รหัสวิชา	ชื่อรายวิชา	หน่วยกิต	เกรด
   001213	English Writing for Effective Communication	3	  B
   001222	Language, Society and Culture	3	  C+
   001233	Thai State and the World Community	3	  B
   252100	History and Development of Mathematics	1	  C+
   252111	Fundamental Calculus	4	  D+
   252141	Principles of Mathematics	3	  D
   261103	Introductory Physics	4	  D
ผลการศึกษา :ปกติ
THIS SEMESTER	CUMULATIVE TO THIS SEMESTER
C.Register
21	C.Earn
21	CA
21	GP
41	GPA
1.95	C.Register
38	C.Earn
37	CA
37	GP
80	GPA
2.16",2.09,ไม่ชอบ,ไม่ขาดเรียนเลย,ไม่ขาดเรียนเลย,ไม่ขาดเรียนเลย,ทบทวน อ่านหนังสือคนเดียว
คณิตศาสตร์,หญิง,ไม่ได้ทำ,"ภาคการศึกษาที่ 1/2563
รหัสวิชา	ชื่อรายวิชา	หน่วยกิต	เกรด
   001211	English Listening and Speaking for Communication	3	  D+
   001226	Ways of Living in the Digital Age	3	  B
   001273	Mathematics and Statistics in Everyday Life	3	  C
   001281	Sports and Exercises	1	  S
   001303	Reading in the Digital Age Century	3	  C
   252111	Fundamental Calculus	4	  C
   256103	Introductory Chemistry	4	  C
ผลการศึกษา :ปกติ
THIS SEMESTER	CUMULATIVE TO THIS SEMESTER
C.Register
21	C.Earn
20	CA
20	GP
41.5	GPA
2.07	C.Register
21	C.Earn
20	CA
20	GP
41.5	GPA
2.07

ภาคการศึกษาที่ 2/2563
รหัสวิชา	ชื่อรายวิชา	หน่วยกิต	เกรด
   001212	English Critical Reading for Effective Communication	3	  C
   001228	Happiness with Hobbies	3	  A
   001234	Civilization and Local Wisdom	3	  B+
   252100	History and Development of Mathematics	1	  C
   252112	Calculus	4	  C+
   252141	Principles of Mathematics	3	  C
   261103	Introductory Physics	4	  D
ผลการศึกษา :ปกติ
THIS SEMESTER	CUMULATIVE TO THIS SEMESTER
C.Register
21	C.Earn
21	CA
21	GP
50.5	GPA
2.40	C.Register
42	C.Earn
41	CA
41	GP
92	GPA
2.24",2.38,ชอบ,ขาดเรียนระดับปานกลาง (ขาดเรียนเกิน 3 ครั้ง แต่ไม่ถึงครึ่งของภาคเรียน),ขาดเรียนบ้างเล็กน้อย (ขาดเรียนไม่เกิน 3 ครั้งของภาคเรียน),ขาดเรียนบ้างเล็กน้อย (ขาดเรียนไม่เกิน 3 ครั้งของภาคเรียน),ติวหนังสือกับกลุ่มเพื่อน
คณิตศาสตร์,หญิง,ไม่ได้ทำ,"ภาคการศึกษาที่ 1/2563
รหัสวิชา	ชื่อรายวิชา	หน่วยกิต	เกรด
   001211	English Listening and Speaking for Communication	3	  C
   001226	Ways of Living in the Digital Age	3	  C+
   001273	Mathematics and Statistics in Everyday Life	3	  C+
   001281	Sports and Exercises	1	  S
   001302	Thai Language for Communication in the 21st Century	3	  B+
   252111	Fundamental Calculus	4	  D+
   256103	Introductory Chemistry	4	  C
ผลการศึกษา :ปกติ
THIS SEMESTER	CUMULATIVE TO THIS SEMESTER
C.Register
21	C.Earn
20	CA
20	GP
45.5	GPA
2.27	C.Register
21	C.Earn
20	CA
20	GP
45.5	GPA
2.27

ภาคการศึกษาที่ 2/2563
รหัสวิชา	ชื่อรายวิชา	หน่วยกิต	เกรด
   001212	English Critical Reading for Effective Communication	3	  B
   001227	Music Studies in Thai Culture	3	  A
   001234	Civilization and Local Wisdom	3	  A
   252100	History and Development of Mathematics	1	  C
   252112	Calculus	4	  C
   252141	Principles of Mathematics	3	  D+
   261103	Introductory Physics	4	  D+
ผลการศึกษา :ปกติ
THIS SEMESTER	CUMULATIVE TO THIS SEMESTER
C.Register
21	C.Earn
21	CA
21	GP
53.5	GPA
2.54	C.Register
42	C.Earn
41	CA
41	GP
99	GPA
2.41
",2.65,ชอบ,ขาดเรียนบ้างเล็กน้อย (ขาดเรียนไม่เกิน 3 ครั้งของภาคเรียน),ขาดเรียนบ้างเล็กน้อย (ขาดเรียนไม่เกิน 3 ครั้งของภาคเรียน),ขาดเรียนบ้างเล็กน้อย (ขาดเรียนไม่เกิน 3 ครั้งของภาคเรียน),ทบทวน อ่านหนังสือคนเดียว
คณิตศาสตร์,หญิง,ทำ,"ภาคการศึกษาที่ 1/2563
รหัสวิชา	ชื่อรายวิชา	หน่วยกิต	เกรด
   001211	English Listening and Speaking for Communication	3	  B+
   001226	Ways of Living in the Digital Age	3	  B
   001273	Mathematics and Statistics in Everyday Life	3	  C+
   001281	Sports and Exercises	1	  S
   001301	Thai Language for Academic Communication	3	  B
   252111	Fundamental Calculus	4	  D+
   256103	Introductory Chemistry	4	  C
ผลการศึกษา :ปกติ
THIS SEMESTER	CUMULATIVE TO THIS SEMESTER
C.Register
21	C.Earn
20	CA
20	GP
50	GPA
2.50	C.Register
21	C.Earn
20	CA
20	GP
50	GPA
2.50

ภาคการศึกษาที่ 2/2563
รหัสวิชา	ชื่อรายวิชา	หน่วยกิต	เกรด
   001213	English Writing for Effective Communication	3	  B+
   001222	Language, Society and Culture	3	  C+
   001237	Life Skills	3	  A
   252100	History and Development of Mathematics	1	  C+
   252112	Calculus	4	  F
   252141	Principles of Mathematics	3	  D+
   261103	Introductory Physics	4	  C
ผลการศึกษา :ปกติ
THIS SEMESTER	CUMULATIVE TO THIS SEMESTER
C.Register
21	C.Earn
17	CA
21	GP
45	GPA
2.14	C.Register
42	C.Earn
37	CA
41	GP
95	GPA
2.31",2.71,ไม่ชอบ,ขาดเรียนบ้างเล็กน้อย (ขาดเรียนไม่เกิน 3 ครั้งของภาคเรียน),ขาดเรียนระดับปานกลาง (ขาดเรียนเกิน 3 ครั้ง แต่ไม่ถึงครึ่งของภาคเรียน),ขาดเรียนบ้างเล็กน้อย (ขาดเรียนไม่เกิน 3 ครั้งของภาคเรียน),ติวหนังสือกับกลุ่มเพื่อน
คณิตศาสตร์,หญิง,ไม่ได้ทำ,"ภาคการศึกษาที่ 1/2555
รหัสวิชา	ชื่อรายวิชา	หน่วยกิต	เกรด
   001201	Thai Language Skills	3	  B+
   001211	Fundamental English	3	  A
   001237	Life Skills	3	  A
   001272	Introduction to Computer Information Science	3	  A
   001281	Sports and Exercises	1	  S
   252111	Introductory Mathematics	4	  A
   256103	Introductory Chemistry	4	  B+
ผลการศึกษา :ปกติ
THIS SEMESTER	CUMULATIVE TO THIS SEMESTER
C.Register
21	C.Earn
20	CA
20	GP
76.5	GPA
3.82	C.Register
21	C.Earn
20	CA
20	GP
76.5	GPA
3.82

ภาคการศึกษาที่ 2/2555
รหัสวิชา	ชื่อรายวิชา	หน่วยกิต	เกรด
   001212	Developmental English	3	  A
   001221	Information Science for Study and Research	3	  A
   001236	Living Management	3	  A
   252112	Calculus	4	  A
   252141	Principles of Mathematics	3	  A
   261103	Introductory Physics	4	  B+
ผลการศึกษา :ปกติ
THIS SEMESTER	CUMULATIVE TO THIS SEMESTER
C.Register
20	C.Earn
20	CA
20	GP
78	GPA
3.90	C.Register
41	C.Earn
40	CA
40	GP
154.5	GPA
3.86
",3.72,ชอบ,ไม่ขาดเรียนเลย,ไม่ขาดเรียนเลย,ไม่ขาดเรียนเลย,ทบทวน อ่านหนังสือคนเดียว
คณิตศาสตร์,หญิง,ไม่ได้ทำ,"ภาคการศึกษาที่ 1/2563
รหัสวิชา	ชื่อรายวิชา	หน่วยกิต	เกรด
   001211	English Listening and Speaking for Communication	3	  C+
   001226	Ways of Living in the Digital Age	3	  B
   001273	Mathematics and Statistics in Everyday Life	3	  C
   001281	Sports and Exercises	1	  S
   001303	Reading in the Digital Age Century	3	  C+
   252111	Fundamental Calculus	4	  C
   256103	Introductory Chemistry	4	  C
ผลการศึกษา :ปกติ
THIS SEMESTER	CUMULATIVE TO THIS SEMESTER
C.Register
21	C.Earn
20	CA
20	GP
46	GPA
2.30	C.Register
21	C.Earn
20	CA
20	GP
46	GPA
2.30

ภาคการศึกษาที่ 2/2563
รหัสวิชา	ชื่อรายวิชา	หน่วยกิต	เกรด
   001213	English Writing for Effective Communication	3	  C
   001222	Language, Society and Culture	3	  C
   001234	Civilization and Local Wisdom	3	  A
   252100	History and Development of Mathematics	1	  C
   252112	Calculus	4	  C+
   252141	Principles of Mathematics	3	  C
   261103	Introductory Physics	4	  C
",2.34,ชอบ,ไม่ขาดเรียนเลย,ขาดเรียนบ้างเล็กน้อย (ขาดเรียนไม่เกิน 3 ครั้งของภาคเรียน),ขาดเรียนบ้างเล็กน้อย (ขาดเรียนไม่เกิน 3 ครั้งของภาคเรียน),ติวหนังสือกับกลุ่มเพื่อน
คณิตศาสตร์,หญิง,ไม่ได้ทำ,"ภาคการศึกษาที่ 1/2563
รหัสวิชา	ชื่อรายวิชา	หน่วยกิต	เกรด
   001211	English Listening and Speaking for Communication	3	  B
   001226	Ways of Living in the Digital Age	3	  B+
   001271	Man and Environment	3	  A
   001281	Sports and Exercises	1	  S
   001301	Thai Language for Academic Communication	3	  B
   252111	Fundamental Calculus	4	  B
   256103	Introductory Chemistry	4	  C+
ผลการศึกษา :ปกติ
THIS SEMESTER	CUMULATIVE TO THIS SEMESTER
C.Register
21	C.Earn
20	CA
20	GP
62.5	GPA
3.12	C.Register
21	C.Earn
20	CA
20	GP
62.5	GPA
3.12

ภาคการศึกษาที่ 2/2563
รหัสวิชา	ชื่อรายวิชา	หน่วยกิต	เกรด
   001212	English Critical Reading for Effective Communication	3	  A
   001228	Happiness with Hobbies	3	  A
   001234	Civilization and Local Wisdom	3	  A
   252100	History and Development of Mathematics	1	  B
   252112	Calculus	4	  A
   252141	Principles of Mathematics	3	  C+
   261103	Introductory Physics	4	  C+
ผลการศึกษา :ปกติ
THIS SEMESTER	CUMULATIVE TO THIS SEMESTER
C.Register
21	C.Earn
21	CA
21	GP
72.5	GPA
3.45	C.Register
42	C.Earn
41	CA
41	GP
135	GPA
3.29",3.52,ชอบ,ขาดเรียนบ้างเล็กน้อย (ขาดเรียนไม่เกิน 3 ครั้งของภาคเรียน),ไม่ขาดเรียนเลย,ไม่ขาดเรียนเลย,ทบทวน อ่านหนังสือคนเดียว
คณิตศาสตร์,ชาย,ไม่ได้ทำ,"ภาคการศึกษาที่ 1/2562
รหัสวิชา	ชื่อรายวิชา	หน่วยกิต	เกรด
   001201	Thai Language Skills	3	  C
   001211	Fundamental English	3	  C
   001222	Language, Society and Culture	3	  C+
   001271	Man and Environment	3	  B+
   001281	Sports and Exercises	1	  S
   252111	Fundamental Calculus	4	  D+
   256103	Introductory Chemistry	4	  D+
ผลการศึกษา :ปกติ
THIS SEMESTER	CUMULATIVE TO THIS SEMESTER
C.Register
21	C.Earn
20	CA
20	GP
42	GPA
2.10	C.Register
21	C.Earn
20	CA
20	GP
42	GPA
2.10

ภาคการศึกษาที่ 2/2562
รหัสวิชา	ชื่อรายวิชา	หน่วยกิต	เกรด
   001212	Developmental English	3	  C
   001227	Music Studies in Thai Culture	3	  B
   001235	Politics, Economy and Society	3	  C
   252100	History and Development of Mathematics	1	  C+
   252112	Calculus	4	  D+
   252141	Principles of Mathematics	3	  C
   261103	Introductory Physics	4	  C
ผลการศึกษา :ปกติ
THIS SEMESTER	CUMULATIVE TO THIS SEMESTER
C.Register
21	C.Earn
21	CA
21	GP
43.5	GPA
2.07	C.Register
42	C.Earn
41	CA
41	GP
85.5	GPA
2.08
","ภาคการศึกษาที่ 2/2565 รหัสวิชา	ชื่อรายวิชา	หน่วยกิต	เกรด    252491	Undergraduate Thesis	6	  S (6) ผลการศึกษา :ปกติ THIS SEMESTER	CUMULATIVE TO THIS SEMESTER C.Register 6	C.Earn 6	CA 0	GP 0	GPA 0.00	C.Register 6	C.Earn 130	CA 117	GP 267	GPA 2.28",ชอบ,ขาดเรียนบ้างเล็กน้อย (ขาดเรียนไม่เกิน 3 ครั้งของภาคเรียน),ไม่ขาดเรียนเลย,ขาดเรียนบ้างเล็กน้อย (ขาดเรียนไม่เกิน 3 ครั้งของภาคเรียน),ติวหนังสือกับกลุ่มเพื่อน
คณิตศาสตร์,หญิง,ไม่ได้ทำ,"ภาคการศึกษาที่ 1/2562
รหัสวิชา	ชื่อรายวิชา	หน่วยกิต	เกรด
   001201	Thai Language Skills	3	  C+
   001211	Fundamental English	3	  C
   001222	Language, Society and Culture	3	  C+
   001271	Man and Environment	3	  B
   001281	Sports and Exercises	1	  S
   252111	Fundamental Calculus	4	  D
   256103	Introductory Chemistry	4	  D+
ผลการศึกษา :ปกติ
THIS SEMESTER	CUMULATIVE TO THIS SEMESTER
C.Register
21	C.Earn
20	CA
20	GP
40	GPA
2.00	C.Register
21	C.Earn
20	CA
20	GP
40	GPA
2.00

ภาคการศึกษาที่ 2/2562
รหัสวิชา	ชื่อรายวิชา	หน่วยกิต	เกรด
   001212	Developmental English	3	  C
   001226	Ways of Living in the Digital Age	3	  C+
   001233	Thai State and the World Community	3	  C
   252100	History and Development of Mathematics	1	  C
   252112	Calculus	4	  D
   252141	Principles of Mathematics	3	  D+
   261103	Introductory Physics	4	  D+
ผลการศึกษา :รอพินิจ
THIS SEMESTER	CUMULATIVE TO THIS SEMESTER
C.Register
21	C.Earn
21	CA
21	GP
36	GPA
1.71	C.Register
42	C.Earn
41	CA
41	GP
76",2.22,ชอบ,ขาดเรียนบ้างเล็กน้อย (ขาดเรียนไม่เกิน 3 ครั้งของภาคเรียน),ขาดเรียนบ้างเล็กน้อย (ขาดเรียนไม่เกิน 3 ครั้งของภาคเรียน),ขาดเรียนบ้างเล็กน้อย (ขาดเรียนไม่เกิน 3 ครั้งของภาคเรียน),ติวหนังสือกับกลุ่มเพื่อน
คณิตศาสตร์,หญิง,ไม่ได้ทำ,"ภาคการศึกษาที่ 1/2563
รหัสวิชา	ชื่อรายวิชา	หน่วยกิต	เกรด
   001211	English Listening and Speaking for Communication	3	  C+
   001273	Mathematics and Statistics in Everyday Life	3	  B+
   001281	Sports and Exercises	1	  S
   001301	Thai Language for Academic Communication	3	  C+
   001331	Social Innovation	3	  A
   252111	Fundamental Calculus	4	  C+
   256103	Introductory Chemistry	4	  C+
ผลการศึกษา :ปกติ
THIS SEMESTER	CUMULATIVE TO THIS SEMESTER
C.Register
21	C.Earn
20	CA
20	GP
57.5	GPA
2.87	C.Register
21	C.Earn
20	CA
20	GP
57.5	GPA
2.87

ภาคการศึกษาที่ 2/2563
รหัสวิชา	ชื่อรายวิชา	หน่วยกิต	เกรด
   001212	English Critical Reading for Effective Communication	3	  B
   001224	Arts in Daily Life	3	  B+
   001351	From Sufficiency Economy Philosophy (SEP) to Practice	3	  A
   252100	History and Development of Mathematics	1	  B
   252112	Calculus	4	  A
   252141	Principles of Mathematics	3	  C+
   261103	Introductory Physics	4	  C
ผลการศึกษา :ปกติ
THIS SEMESTER	CUMULATIVE TO THIS SEMESTER
C.Register
21	C.Earn
21	CA
21	GP
66	GPA
3.14	C.Register
42	C.Earn
41	CA
41	GP
123.5	GPA
3.01
",3.39,ชอบ,ไม่ขาดเรียนเลย,ไม่ขาดเรียนเลย,ไม่ขาดเรียนเลย,ทบทวน อ่านหนังสือคนเดียว
คณิตศาสตร์,ชาย,ไม่ได้ทำ,"ภาคการศึกษาที่ 1/2563
รหัสวิชา	ชื่อรายวิชา	หน่วยกิต	เกรด
   001211	English Listening and Speaking for Communication	3	  C
   001226	Ways of Living in the Digital Age	3	  B
   001272	Introduction to Computer Information Science	3	  C
   001281	Sports and Exercises	1	  S
   001303	Reading in the Digital Age Century	3	  C+
   252111	Fundamental Calculus	4	  D+
   256103	Introductory Chemistry	4	  C
ผลการศึกษา :ปกติ
THIS SEMESTER	CUMULATIVE TO THIS SEMESTER
C.Register
21	C.Earn
20	CA
20	GP
42.5	GPA
2.12	C.Register
21	C.Earn
20	CA
20	GP
42.5	GPA
2.12

ภาคการศึกษาที่ 2/2563
รหัสวิชา	ชื่อรายวิชา	หน่วยกิต	เกรด
   001212	English Critical Reading for Effective Communication	3	  B
   001233	Thai State and the World Community	3	  C+
   001352	Peace and Religion for Human Kinds	3	  C+
   252100	History and Development of Mathematics	1	  C
   252112	Calculus	4	  C+
   252141	Principles of Mathematics	3	  C
   261103	Introductory Physics	4	  D+
ผลการศึกษา :ปกติ
THIS SEMESTER	CUMULATIVE TO THIS SEMESTER
C.Register
21	C.Earn
21	CA
21	GP
48	GPA
2.28	C.Register
42	C.Earn
41	CA
41	GP
90.5	GPA
2.20",2.35,ชอบ,ขาดเรียนระดับปานกลาง (ขาดเรียนเกิน 3 ครั้ง แต่ไม่ถึงครึ่งของภาคเรียน),ขาดเรียนบ้างเล็กน้อย (ขาดเรียนไม่เกิน 3 ครั้งของภาคเรียน),ขาดเรียนบ้างเล็กน้อย (ขาดเรียนไม่เกิน 3 ครั้งของภาคเรียน),ติวหนังสือกับกลุ่มเพื่อน
คณิตศาสตร์,ชาย,ไม่ได้ทำ,"  001211	English Listening and Speaking for Communication	3	  B
   001272	Introduction to Computer Information Science	3	  B+
   001281	Sports and Exercises	1	  S
   001301	Thai Language for Academic Communication	3	  B
   001331	Social Innovation	3	  A
   252111	Fundamental Calculus	4	  A
   256103	Introductory Chemistry	4	  B+
ผลการศึกษา :ปกติ
THIS SEMESTER	CUMULATIVE TO THIS SEMESTER
C.Register
21	C.Earn
20	CA
20	GP
70.5	GPA
3.52	C.Register
21	C.Earn
20	CA
20	GP
70.5	GPA
3.52

ภาคการศึกษาที่ 2/2563
รหัสวิชา	ชื่อรายวิชา	หน่วยกิต	เกรด
   001212	English Critical Reading for Effective Communication	3	  A
   001237	Life Skills	3	  A
   001332	Introduction to Data Management in Digital Era	3	  A
   252100	History and Development of Mathematics	1	  B+
   252112	Calculus	4	  A
   252141	Principles of Mathematics	3	  A
   261103	Introductory Physics	4	  C
ผลการศึกษา :ปกติ
THIS SEMESTER	CUMULATIVE TO THIS SEMESTER
C.Register
21	C.Earn
21	CA
21	GP
75.5	GPA
3.59	C.Register
42	C.Earn
41	CA
41	GP
146	GPA
3.56",ภาคการศึกษาที่ 2/2566 GPA 3.62,ชอบ,ขาดเรียนบ้างเล็กน้อย (ขาดเรียนไม่เกิน 3 ครั้งของภาคเรียน),ไม่ขาดเรียนเลย,ขาดเรียนบ้างเล็กน้อย (ขาดเรียนไม่เกิน 3 ครั้งของภาคเรียน),ติวหนังสือกับกลุ่มเพื่อน
คณิตศาสตร์,ชาย,ไม่ได้ทำ,"ภาคการศึกษาที่ 1/2562
รหัสวิชา	ชื่อรายวิชา	หน่วยกิต	เกรด
   001201	Thai Language Skills	3	  C
   001211	Fundamental English	3	  C
   001222	Language, Society and Culture	3	  C+
   001271	Man and Environment	3	  A
   001281	Sports and Exercises	1	  S
   252111	Fundamental Calculus	4	  D+
   256103	Introductory Chemistry	4	  D+
ผลการศึกษา :ปกติ
THIS SEMESTER	CUMULATIVE TO THIS SEMESTER
C.Register
21	C.Earn
20	CA
20	GP
43.5	GPA
2.17	C.Register
21	C.Earn
20	CA
20	GP
43.5	GPA
2.17

ภาคการศึกษาที่ 2/2562
รหัสวิชา	ชื่อรายวิชา	หน่วยกิต	เกรด
   001212	Developmental English	3	  C+
   001227	Music Studies in Thai Culture	3	  B+
   001233	Thai State and the World Community	3	  C
   252100	History and Development of Mathematics	1	  B
   252112	Calculus	4	  C+
   252141	Principles of Mathematics	3	  C
   261103	Introductory Physics	4	  C+
ผลการศึกษา :ปกติ
THIS SEMESTER	CUMULATIVE TO THIS SEMESTER
C.Register
21	C.Earn
21	CA
21	GP
53	GPA
2.52	C.Register
42	C.Earn
41	CA
41	GP
96.5	GPA
2.35
",2.41,ไม่ชอบ,ขาดเรียนบ้างเล็กน้อย (ขาดเรียนไม่เกิน 3 ครั้งของภาคเรียน),ขาดเรียนบ้างเล็กน้อย (ขาดเรียนไม่เกิน 3 ครั้งของภาคเรียน),ขาดเรียนบ้างเล็กน้อย (ขาดเรียนไม่เกิน 3 ครั้งของภาคเรียน),ติวหนังสือกับกลุ่มเพื่อน
คณิตศาสตร์,หญิง,ไม่ได้ทำ,"  001211	English Listening and Speaking for Communication	3	  B+
   001226	Ways of Living in the Digital Age	3	  C+
   001273	Mathematics and Statistics in Everyday Life	3	  C
   001281	Sports and Exercises	1	  S
   001301	Thai Language for Academic Communication	3	  B
   252111	Fundamental Calculus	4	  D+
   256103	Introductory Chemistry	4	  C
ผลการศึกษา :ปกติ
THIS SEMESTER	CUMULATIVE TO THIS SEMESTER
C.Register
21	C.Earn
20	CA
20	GP
47	GPA
2.35	C.Register
21	C.Earn
20	CA
20	GP
47	GPA
2.35

ภาคการศึกษาที่ 2/2563
รหัสวิชา	ชื่อรายวิชา	หน่วยกิต	เกรด
   001212	English Critical Reading for Effective Communication	3	  B+
   001221	Information Science for Study and Research	3	  A
   001351	From Sufficiency Economy Philosophy (SEP) to Practice	3	  A
   252100	History and Development of Mathematics	1	  C+
   252112	Calculus	4	  C
   252141	Principles of Mathematics	3	  D+
   261103	Introductory Physics	4	  D
",2.12,ชอบ,ขาดเรียนบ้างเล็กน้อย (ขาดเรียนไม่เกิน 3 ครั้งของภาคเรียน),ขาดเรียนบ้างเล็กน้อย (ขาดเรียนไม่เกิน 3 ครั้งของภาคเรียน),ขาดเรียนบ้างเล็กน้อย (ขาดเรียนไม่เกิน 3 ครั้งของภาคเรียน),ติวหนังสือกับกลุ่มเพื่อน
คณิตศาสตร์,ชาย,ไม่ได้ทำ,"ภาคการศึกษาที่ 1/2563
รหัสวิชา	ชื่อรายวิชา	หน่วยกิต	เกรด
   001211	English Listening and Speaking for Communication	3	  C+
   001226	Ways of Living in the Digital Age	3	  B
   001273	Mathematics and Statistics in Everyday Life	3	  C
   001281	Sports and Exercises	1	  S
   001301	Thai Language for Academic Communication	3	  B
   252111	Fundamental Calculus	4	  C+
   256103	Introductory Chemistry	4	  C
ผลการศึกษา :ปกติ
THIS SEMESTER	CUMULATIVE TO THIS SEMESTER
C.Register
21	C.Earn
20	CA
20	GP
49.5	GPA
2.47	C.Register
21	C.Earn
20	CA
20	GP
49.5	GPA
2.47

ภาคการศึกษาที่ 2/2563
รหัสวิชา	ชื่อรายวิชา	หน่วยกิต	เกรด
   001212	English Critical Reading for Effective Communication	3	  B
   001233	Thai State and the World Community	3	  C
   001352	Peace and Religion for Human Kinds	3	  C+
   252100	History and Development of Mathematics	1	  C
   252112	Calculus	4	  C
   252141	Principles of Mathematics	3	  D+
   261103	Introductory Physics	4	  D+
ผลการศึกษา :ปกติ
THIS SEMESTER	CUMULATIVE TO THIS SEMESTER
C.Register
21	C.Earn
21	CA
21	GP
43	GPA
2.04	C.Register
42	C.Earn
41	CA
41	GP
92.5	GPA
2.25
",GPA 2.20,ไม่ชอบ,ขาดเรียนบ้างเล็กน้อย (ขาดเรียนไม่เกิน 3 ครั้งของภาคเรียน),ไม่ขาดเรียนเลย,ขาดเรียนบ้างเล็กน้อย (ขาดเรียนไม่เกิน 3 ครั้งของภาคเรียน),ติวหนังสือกับกลุ่มเพื่อน
คณิตศาสตร์,ชาย,ไม่ได้ทำ,"ภาคการศึกษาที่ 1/2562
รหัสวิชา	ชื่อรายวิชา	หน่วยกิต	เกรด
   001201	Thai Language Skills	3	  C+
   001211	Fundamental English	3	  B
   001222	Language, Society and Culture	3	  B
   001271	Man and Environment	3	  A
   001281	Sports and Exercises	1	  S
   252111	Fundamental Calculus	4	  A
   256103	Introductory Chemistry	4	  C+
ผลการศึกษา :ปกติ
THIS SEMESTER	CUMULATIVE TO THIS SEMESTER
C.Register
21	C.Earn
20	CA
20	GP
63.5	GPA
3.17	C.Register
21	C.Earn
20	CA
20	GP
63.5	GPA
3.17

ภาคการศึกษาที่ 2/2562
รหัสวิชา	ชื่อรายวิชา	หน่วยกิต	เกรด
   001212	Developmental English	3	  B+
   001221	Information Science for Study and Research	3	  B
   001238	Media Literacy	3	  B+
   252100	History and Development of Mathematics	1	  B
   252112	Calculus	4	  A
   252141	Principles of Mathematics	3	  A
   261103	Introductory Physics	4	  B
ผลการศึกษา :ปกติ
THIS SEMESTER	CUMULATIVE TO THIS SEMESTER
C.Register
21	C.Earn
21	CA
21	GP
73	GPA
3.47	C.Register
42	C.Earn
41	CA
41	GP
136.5	GPA
3.32
",3.21,ชอบ,ไม่ขาดเรียนเลย,ไม่ขาดเรียนเลย,ขาดเรียนบ้างเล็กน้อย (ขาดเรียนไม่เกิน 3 ครั้งของภาคเรียน),ติวหนังสือกับกลุ่มเพื่อน
คณิตศาสตร์,ชาย,ไม่ได้ทำ,"ภาคการศึกษาที่ 1/2563
รหัสวิชา	ชื่อรายวิชา	หน่วยกิต	เกรด
   001211	English Listening and Speaking for Communication	3	  C
   001226	Ways of Living in the Digital Age	3	  C+
   001271	Man and Environment	3	  B+
   001281	Sports and Exercises	1	  S
   001303	Reading in the Digital Age Century	3	  C
   252111	Fundamental Calculus	4	  D
   256103	Introductory Chemistry	4	  C
ผลการศึกษา :ปกติ
THIS SEMESTER	CUMULATIVE TO THIS SEMESTER
C.Register
21	C.Earn
20	CA
20	GP
42	GPA
2.10	C.Register
21	C.Earn
20	CA
20	GP
42	GPA
2.10

ภาคการศึกษาที่ 2/2563
รหัสวิชา	ชื่อรายวิชา	หน่วยกิต	เกรด
   001212	English Critical Reading for Effective Communication	3	  B
   001222	Language, Society and Culture	3	  C
   001234	Civilization and Local Wisdom	3	  B+
   252100	History and Development of Mathematics	1	  C
   252112	Calculus	4	  D+
   252141	Principles of Mathematics	3	  F
   261103	Introductory Physics	4	  D+
ผลการศึกษา :รอพินิจ
THIS SEMESTER	CUMULATIVE TO THIS SEMESTER
C.Register
21	C.Earn
18	CA
21	GP
39.5	GPA
1.88	C.Register
42	C.Earn
38	CA
41	GP
81.5	GPA
1.98
",1.96,ชอบ,ไม่ขาดเรียนเลย,ไม่ขาดเรียนเลย,ขาดเรียนบ้างเล็กน้อย (ขาดเรียนไม่เกิน 3 ครั้งของภาคเรียน),ติวหนังสือกับกลุ่มเพื่อน
คณิตศาสตร์,ชาย,ไม่ได้ทำ,"ภาคการศึกษาที่ 1/2563
รหัสวิชา	ชื่อรายวิชา	หน่วยกิต	เกรด
   001211	English Listening and Speaking for Communication	3	  B
   001279	Science in Everyday Life	3	  B
   001281	Sports and Exercises	1	  S
   001301	Thai Language for Academic Communication	3	  B
   001331	Social Innovation	3	  A
   252111	Fundamental Calculus	4	  F
   256103	Introductory Chemistry	4	  D+
ผลการศึกษา :ปกติ
THIS SEMESTER	CUMULATIVE TO THIS SEMESTER
C.Register
21	C.Earn
16	CA
20	GP
45	GPA
2.25	C.Register
21	C.Earn
16	CA
20	GP
45	GPA
2.25

ภาคการศึกษาที่ 2/2563
รหัสวิชา	ชื่อรายวิชา	หน่วยกิต	เกรด
   001212	English Critical Reading for Effective Communication	3	  A
   001241	Western Music in Daily Life	3	  B+
   001251	Group Dynamics and Teamwork	3	  C+
   252100	History and Development of Mathematics	1	  C
   252111	Fundamental Calculus	4	  D+
   252141	Principles of Mathematics	3	  F
   261103	Introductory Physics	4	  D+
ผลการศึกษา :ปกติ
THIS SEMESTER	CUMULATIVE TO THIS SEMESTER
C.Register
21	C.Earn
18	CA
21	GP
44	GPA
2.09	C.Register
42	C.Earn
34	CA
37	GP
89	GPA
2.40",2.34,ชอบ,ขาดเรียนบ้างเล็กน้อย (ขาดเรียนไม่เกิน 3 ครั้งของภาคเรียน),ขาดเรียนบ้างเล็กน้อย (ขาดเรียนไม่เกิน 3 ครั้งของภาคเรียน),ขาดเรียนบ้างเล็กน้อย (ขาดเรียนไม่เกิน 3 ครั้งของภาคเรียน),ติวหนังสือกับกลุ่มเพื่อน
คณิตศาสตร์,ชาย,ทำ,"ภาคการศึกษาที่ 1/2563
รหัสวิชา	ชื่อรายวิชา	หน่วยกิต	เกรด
   001211	English Listening and Speaking for Communication	3	  C
   001226	Ways of Living in the Digital Age	3	  B
   001276	Energy and Technology Around Us	3	  C
   001281	Sports and Exercises	1	  S
   001301	Thai Language for Academic Communication	3	  B
   252111	Fundamental Calculus	4	  C+
   256103	Introductory Chemistry	4	  D+
ผลการศึกษา :ปกติ
THIS SEMESTER	CUMULATIVE TO THIS SEMESTER
C.Register
21	C.Earn
20	CA
20	GP
46	GPA
2.30	C.Register
21	C.Earn
20	CA
20	GP
46	GPA
2.30

ภาคการศึกษาที่ 2/2563
รหัสวิชา	ชื่อรายวิชา	หน่วยกิต	เกรด
   001212	English Critical Reading for Effective Communication	3	  B
   001233	Thai State and the World Community	3	  C
   001352	Peace and Religion for Human Kinds	3	  C+
   252100	History and Development of Mathematics	1	  C+
   252112	Calculus	4	  B
   252141	Principles of Mathematics	3	  D+
   261103	Introductory Physics	4	  D
ผลการศึกษา :ปกติ
THIS SEMESTER	CUMULATIVE TO THIS SEMESTER
C.Register
21	C.Earn
21	CA
21	GP
45.5	GPA
2.16	C.Register
42	C.Earn
41	CA
41	GP
91.5	GPA
2.23",GPA 1.96,ไม่ชอบ,ขาดเรียนบ้างเล็กน้อย (ขาดเรียนไม่เกิน 3 ครั้งของภาคเรียน),ขาดเรียนบ้างเล็กน้อย (ขาดเรียนไม่เกิน 3 ครั้งของภาคเรียน),ขาดเรียนบ้างเล็กน้อย (ขาดเรียนไม่เกิน 3 ครั้งของภาคเรียน),ทบทวน อ่านหนังสือคนเดียว
คณิตศาสตร์,หญิง,ไม่ได้ทำ,"ภาคการศึกษาที่ 1/2563
รหัสวิชา	ชื่อรายวิชา	หน่วยกิต	เกรด
   001211	English Listening and Speaking for Communication	3	  C
   001226	Ways of Living in the Digital Age	3	  C+
   001273	Mathematics and Statistics in Everyday Life	3	  D+
   001281	Sports and Exercises	1	  S
   001303	Reading in the Digital Age Century	3	  C
   252111	Fundamental Calculus	4	  C
   256103	Introductory Chemistry	4	  C
ผลการศึกษา :ปกติ
THIS SEMESTER	CUMULATIVE TO THIS SEMESTER
C.Register
21	C.Earn
20	CA
20	GP
40	GPA
2.00	C.Register
21	C.Earn
20	CA
20	GP
40	GPA
2.00

ภาคการศึกษาที่ 2/2563
รหัสวิชา	ชื่อรายวิชา	หน่วยกิต	เกรด
   001212	English Critical Reading for Effective Communication	3	  B+
   001237	Life Skills	3	  A
   001331	Social Innovation	3	  B
   252100	History and Development of Mathematics	1	  C+
   252112	Calculus	4	  C
   252141	Principles of Mathematics	3	  C
   261103	Introductory Physics	4	  C
ผลการศึกษา :ปกติ
THIS SEMESTER	CUMULATIVE TO THIS SEMESTER
C.Register
21	C.Earn
21	CA
21	GP
56	GPA
2.66	C.Register
42	C.Earn
41	CA
41	GP
96	GPA
2.34
",2.36,ชอบ,ขาดเรียนบ้างเล็กน้อย (ขาดเรียนไม่เกิน 3 ครั้งของภาคเรียน),ขาดเรียนบ้างเล็กน้อย (ขาดเรียนไม่เกิน 3 ครั้งของภาคเรียน),ขาดเรียนบ้างเล็กน้อย (ขาดเรียนไม่เกิน 3 ครั้งของภาคเรียน),ติวหนังสือกับกลุ่มเพื่อน
คณิตศาสตร์,ชาย,ไม่ได้ทำ,"ภาคการศึกษาที่ 1/2562
รหัสวิชา	ชื่อรายวิชา	หน่วยกิต	เกรด
   001201	Thai Language Skills	3	  C+
   001211	Fundamental English	3	  C
   001222	Language, Society and Culture	3	  C+
   001271	Man and Environment	3	  B
   001281	Sports and Exercises	1	  S
   252111	Fundamental Calculus	4	  C+
   256103	Introductory Chemistry	4	  D+
ผลการศึกษา :ปกติ
THIS SEMESTER	CUMULATIVE TO THIS SEMESTER
C.Register
21	C.Earn
20	CA
20	GP
46	GPA
2.30	C.Register
21	C.Earn
20	CA
20	GP
46	GPA
2.30

ภาคการศึกษาที่ 2/2562
รหัสวิชา	ชื่อรายวิชา	หน่วยกิต	เกรด
   001212	Developmental English	3	  C
   001227	Music Studies in Thai Culture	3	  B
   001233	Thai State and the World Community	3	  D+
   252100	History and Development of Mathematics	1	  C
   252112	Calculus	4	  C+
   252141	Principles of Mathematics	3	  C
   261103	Introductory Physics	4	  C
ผลการศึกษา :ปกติ
THIS SEMESTER	CUMULATIVE TO THIS SEMESTER
C.Register
21	C.Earn
21	CA
21	GP
45.5	GPA
2.16	C.Register
42	C.Earn
41	CA
41	GP
91.5	GPA
2.23
",GPA 2.12,ชอบ,ขาดเรียนเป็นส่วนใหญ่ (ขาดเกินครึ่งของภาคเรียน),ขาดเรียนระดับปานกลาง (ขาดเรียนเกิน 3 ครั้ง แต่ไม่ถึงครึ่งของภาคเรียน),ขาดเรียนระดับปานกลาง (ขาดเรียนเกิน 3 ครั้ง แต่ไม่ถึงครึ่งของภาคเรียน),ไม่อ่าน
คณิตศาสตร์,หญิง,ทำ,"ภาคการศึกษาที่ 1/2563
รหัสวิชา	ชื่อรายวิชา	หน่วยกิต	เกรด
   001211	English Listening and Speaking for Communication	3	  B+
   001226	Ways of Living in the Digital Age	3	  B
   001273	Mathematics and Statistics in Everyday Life	3	  B
   001281	Sports and Exercises	1	  S
   001301	Thai Language for Academic Communication	3	  B
   252111	Fundamental Calculus	4	  B
   256103	Introductory Chemistry	4	  C
ผลการศึกษา :ปกติ
THIS SEMESTER	CUMULATIVE TO THIS SEMESTER
C.Register
21	C.Earn
20	CA
20	GP
57.5	GPA
2.87	C.Register
21	C.Earn
20	CA
20	GP
57.5	GPA
2.87

ภาคการศึกษาที่ 2/2563
รหัสวิชา	ชื่อรายวิชา	หน่วยกิต	เกรด
   001212	English Critical Reading for Effective Communication	3	  A
   001227	Music Studies in Thai Culture	3	  A
   001237	Life Skills	3	  A
   252100	History and Development of Mathematics	1	  B+
   252112	Calculus	4	  B
   252141	Principles of Mathematics	3	  C
   261103	Introductory Physics	4	  C
ผลการศึกษา :ปกติ
THIS SEMESTER	CUMULATIVE TO THIS SEMESTER
C.Register
21	C.Earn
21	CA
21	GP
65.5	GPA
3.11	C.Register
42	C.Earn
41	CA
41	GP
123	GPA
3.00",2.92,ชอบ,ขาดเรียนบ้างเล็กน้อย (ขาดเรียนไม่เกิน 3 ครั้งของภาคเรียน),ขาดเรียนบ้างเล็กน้อย (ขาดเรียนไม่เกิน 3 ครั้งของภาคเรียน),ขาดเรียนบ้างเล็กน้อย (ขาดเรียนไม่เกิน 3 ครั้งของภาคเรียน),ทบทวน อ่านหนังสือคนเดียว
คณิตศาสตร์,หญิง,ไม่ได้ทำ,"ภาคการศึกษาที่ 1/2560
รหัสวิชา	ชื่อรายวิชา	หน่วยกิต	เกรด
   001201	Thai Language Skills	3	  B
   001211	Fundamental English	3	  A
   001231	Philosophy of Life for Sufficient Living	3	  C
   001273	Mathematics and Statistics in Everyday Life	3	  A
   001281	Sports and Exercises	1	  S
   252111	Fundamental Calculus	4	  A
   256103	Introductory Chemistry	4	  C+
ผลการศึกษา :ปกติ
THIS SEMESTER	CUMULATIVE TO THIS SEMESTER
C.Register
21	C.Earn
20	CA
20	GP
65	GPA
3.25	C.Register
21	C.Earn
20	CA
20	GP
65	GPA
3.25

ภาคการศึกษาที่ 2/2560
รหัสวิชา	ชื่อรายวิชา	หน่วยกิต	เกรด
   001212	Developmental English	3	  A
   001226	Ways of Living in the Digital Age	3	  B+
   001234	Civilization and Local Wisdom	3	  A
   252100	History and Development of Mathematics	1	  B
   252112	Calculus	4	  A
   252141	Principles of Mathematics	3	  A
   261103	Introductory Physics	4	  C
ผลการศึกษา :ปกติ
THIS SEMESTER	CUMULATIVE TO THIS SEMESTER
C.Register
21	C.Earn
21	CA
21	GP
73.5	GPA
3.50	C.Register
42	C.Earn
41	CA
41	GP
138.5	GPA
3.37",GPA 3.49,ชอบ,ขาดเรียนบ้างเล็กน้อย (ขาดเรียนไม่เกิน 3 ครั้งของภาคเรียน),ขาดเรียนบ้างเล็กน้อย (ขาดเรียนไม่เกิน 3 ครั้งของภาคเรียน),ขาดเรียนบ้างเล็กน้อย (ขาดเรียนไม่เกิน 3 ครั้งของภาคเรียน),ทบทวน อ่านหนังสือคนเดียว
คณิตศาสตร์,ชาย,ไม่ได้ทำ,"ภาคการศึกษาที่ 1/2563
รหัสวิชา	ชื่อรายวิชา	หน่วยกิต	เกรด
   001211	English Listening and Speaking for Communication	3	  C
   001273	Mathematics and Statistics in Everyday Life	3	  C+
   001281	Sports and Exercises	1	  S
   001301	Thai Language for Academic Communication	3	  B
   001331	Social Innovation	3	  A
   252111	Fundamental Calculus	4	  C
   256103	Introductory Chemistry	4	  C
ผลการศึกษา :ปกติ
THIS SEMESTER	CUMULATIVE TO THIS SEMESTER
C.Register
21	C.Earn
20	CA
20	GP
50.5	GPA
2.52	C.Register
21	C.Earn
20	CA
20	GP
50.5	GPA
2.52

ภาคการศึกษาที่ 2/2563
รหัสวิชา	ชื่อรายวิชา	หน่วยกิต	เกรด
   001212	English Critical Reading for Effective Communication	3	  B
   001222	Language, Society and Culture	3	  C+
   001231	Philosophy of Life for Sufficient Living	3	  B
   252100	History and Development of Mathematics	1	  C+
   252112	Calculus	4	  C+
   252141	Principles of Mathematics	3	  C
   261103	Introductory Physics	4	  D
ผลการศึกษา :ปกติ
THIS SEMESTER	CUMULATIVE TO THIS SEMESTER
C.Register
21	C.Earn
21	CA
21	GP
48	GPA
2.28	C.Register
42	C.Earn
41	CA
41	GP
98.5	GPA
2.40
",GPA 2.25,ชอบ,ขาดเรียนระดับปานกลาง (ขาดเรียนเกิน 3 ครั้ง แต่ไม่ถึงครึ่งของภาคเรียน),ขาดเรียนระดับปานกลาง (ขาดเรียนเกิน 3 ครั้ง แต่ไม่ถึงครึ่งของภาคเรียน),ขาดเรียนบ้างเล็กน้อย (ขาดเรียนไม่เกิน 3 ครั้งของภาคเรียน),ติวหนังสือกับกลุ่มเพื่อน
คณิตศาสตร์,หญิง,ไม่ได้ทำ,"ภาคการศึกษาที่ 1/2563
รหัสวิชา	ชื่อรายวิชา	หน่วยกิต	เกรด
   001211	English Listening and Speaking for Communication	3	  C
   001222	Language, Society and Culture	3	  C
   001279	Science in Everyday Life	3	  B
   001281	Sports and Exercises	1	  S
   001302	Thai Language for Communication in the 21st Century	3	  A
   252111	Fundamental Calculus	4	  F
   256103	Introductory Chemistry	4	  D+
ผลการศึกษา :ปกติ
THIS SEMESTER	CUMULATIVE TO THIS SEMESTER
C.Register
21	C.Earn
16	CA
20	GP
39	GPA
1.95	C.Register
21	C.Earn
16	CA
20	GP
39	GPA
1.95

ภาคการศึกษาที่ 2/2563
รหัสวิชา	ชื่อรายวิชา	หน่วยกิต	เกรด
   001212	English Critical Reading for Effective Communication	3	  C+
   001227	Music Studies in Thai Culture	3	  A
   001351	From Sufficiency Economy Philosophy (SEP) to Practice	3	  B+
   252100	History and Development of Mathematics	1	  C+
   252111	Fundamental Calculus	4	  F
   252141	Principles of Mathematics	3	  D+
   261103	Introductory Physics	4	  D
ผลการศึกษา :ปกติ
THIS SEMESTER	CUMULATIVE TO THIS SEMESTER
C.Register
21	C.Earn
17	CA
21	GP
41	GPA
1.95	C.Register
42	C.Earn
33	CA
37	GP
80	GPA
2.16
","ภาคการศึกษาที่ 2/2566 รหัสวิชา	ชื่อรายวิชา	หน่วยกิต	เกรด    252251	Discrete Mathematics	3	      252491	Undergraduate Thesis	6	  W ผลการศึกษา :ยังไม่ประมวลผล THIS SEMESTER	CUMULATIVE TO THIS SEMESTER C.Register 3	C.Earn 0	CA 0	GP 0	GPA 0.00	C.Register 148	C.Earn 115	CA 123	GP 247.5	GPA 2.01",ชอบ,ขาดเรียนระดับปานกลาง (ขาดเรียนเกิน 3 ครั้ง แต่ไม่ถึงครึ่งของภาคเรียน),ขาดเรียนบ้างเล็กน้อย (ขาดเรียนไม่เกิน 3 ครั้งของภาคเรียน),ขาดเรียนบ้างเล็กน้อย (ขาดเรียนไม่เกิน 3 ครั้งของภาคเรียน),ทบทวน อ่านหนังสือคนเดียว
คณิตศาสตร์,หญิง,ไม่ได้ทำ,"001211	English Listening and Speaking for Communication	3	  C
   001226	Ways of Living in the Digital Age	3	  C+
   001279	Science in Everyday Life	3	  F
   001281	Sports and Exercises	1	  S
   001302	Thai Language for Communication in the 21st Century	3	  C+
   252111	Fundamental Calculus	4	  D+
   256103	Introductory Chemistry	4	  D
ผลการศึกษา :ปกติ
THIS SEMESTER	CUMULATIVE TO THIS SEMESTER
C.Register
21	C.Earn
17	CA
20	GP
31	GPA
1.55	C.Register
21	C.Earn
17	CA
20	GP
31	GPA
1.55

ภาคการศึกษาที่ 2/2563
รหัสวิชา	ชื่อรายวิชา	หน่วยกิต	เกรด
   001213	English Writing for Effective Communication	3	  C
   001227	Music Studies in Thai Culture	3	  B+
   001234	Civilization and Local Wisdom	3	  D
   252100	History and Development of Mathematics	1	  C
   252112	Calculus	4	  C+
   252141	Principles of Mathematics	3	  C
   261103	Introductory Physics	4	  C
ผลการศึกษา :รอพินิจ
THIS SEMESTER	CUMULATIVE TO THIS SEMESTER
C.Register
21	C.Earn
21	CA
21	GP
45.5	GPA
2.16	C.Register
42	C.Earn
38	CA
41	GP
76.5	GPA
1.86
",1.98,ไม่ชอบ,ขาดเรียนบ้างเล็กน้อย (ขาดเรียนไม่เกิน 3 ครั้งของภาคเรียน),ไม่ขาดเรียนเลย,ขาดเรียนบ้างเล็กน้อย (ขาดเรียนไม่เกิน 3 ครั้งของภาคเรียน),ติวหนังสือกับกลุ่มเพื่อน
คณิตศาสตร์,ชาย,ไม่ได้ทำ,"ภาคการศึกษาที่ 1/2563
รหัสวิชา	ชื่อรายวิชา	หน่วยกิต	เกรด
   001211	English Listening and Speaking for Communication	3	  C
   001222	Language, Society and Culture	3	  C
   001281	Sports and Exercises	1	  S
   001292	Circular Economic Lifestyle for 21st Century	3	  A
   001303	Reading in the Digital Age Century	3	  C
   252111	Fundamental Calculus	4	  C
   256103	Introductory Chemistry	4	  C
ผลการศึกษา :ปกติ
THIS SEMESTER	CUMULATIVE TO THIS SEMESTER
C.Register
21	C.Earn
20	CA
20	GP
46	GPA
2.30	C.Register
21	C.Earn
20	CA
20	GP
46	GPA
2.30

ภาคการศึกษาที่ 2/2563
รหัสวิชา	ชื่อรายวิชา	หน่วยกิต	เกรด
   001212	English Critical Reading for Effective Communication	3	  C+
   001221	Information Science for Study and Research	3	  B+
   001234	Civilization and Local Wisdom	3	  C+
   252100	History and Development of Mathematics	1	  B
   252112	Calculus	4	  C
   252141	Principles of Mathematics	3	  C
   261103	Introductory Physics	4	  D
ผลการศึกษา :ปกติ
THIS SEMESTER	CUMULATIVE TO THIS SEMESTER
C.Register
21	C.Earn
21	CA
21	GP
46.5	GPA
2.21	C.Register
42	C.Earn
41	CA
41	GP
92.5	GPA
2.25
",2.52,ชอบ,ไม่ขาดเรียนเลย,ไม่ขาดเรียนเลย,ไม่ขาดเรียนเลย,ติวหนังสือกับกลุ่มเพื่อน
คณิตศาสตร์,ชาย,ไม่ได้ทำ,"ภาคการศึกษาที่ 1/2563
รหัสวิชา	ชื่อรายวิชา	หน่วยกิต	เกรด
   001211	English Listening and Speaking for Communication	3	  C+
   001226	Ways of Living in the Digital Age	3	  B
   001273	Mathematics and Statistics in Everyday Life	3	  C+
   001281	Sports and Exercises	1	  S
   001301	Thai Language for Academic Communication	3	  B
   252111	Fundamental Calculus	4	  B+
   256103	Introductory Chemistry	4	  C
ผลการศึกษา :ปกติ
THIS SEMESTER	CUMULATIVE TO THIS SEMESTER
C.Register
21	C.Earn
20	CA
20	GP
55	GPA
2.75	C.Register
21	C.Earn
20	CA
20	GP
55	GPA
2.75

ภาคการศึกษาที่ 2/2563
รหัสวิชา	ชื่อรายวิชา	หน่วยกิต	เกรด
   001212	English Critical Reading for Effective Communication	3	  B+
   001227	Music Studies in Thai Culture	3	  B+
   001234	Civilization and Local Wisdom	3	  C
   252100	History and Development of Mathematics	1	  C+
   252112	Calculus	4	  B
   252141	Principles of Mathematics	3	  C+
   261103	Introductory Physics	4	  D
ผลการศึกษา :ปกติ
THIS SEMESTER	CUMULATIVE TO THIS SEMESTER
C.Register
21	C.Earn
21	CA
21	GP
53	GPA
2.52	C.Register
42	C.Earn
41	CA
41	GP
108	GPA
2.63
",2.39,ชอบ,ขาดเรียนระดับปานกลาง (ขาดเรียนเกิน 3 ครั้ง แต่ไม่ถึงครึ่งของภาคเรียน),ขาดเรียนบ้างเล็กน้อย (ขาดเรียนไม่เกิน 3 ครั้งของภาคเรียน),ขาดเรียนบ้างเล็กน้อย (ขาดเรียนไม่เกิน 3 ครั้งของภาคเรียน),ไม่อ่าน
คณิตศาสตร์,หญิง,ทำ,"ภาคการศึกษาที่ 1/2563
รหัสวิชา	ชื่อรายวิชา	หน่วยกิต	เกรด
   001211	English Listening and Speaking for Communication	3	  C+
   001221	Information Science for Study and Research	3	  A
   001273	Mathematics and Statistics in Everyday Life	3	  B+
   001281	Sports and Exercises	1	  S
   001301	Thai Language for Academic Communication	3	  B
   252111	Fundamental Calculus	4	  A
   256103	Introductory Chemistry	4	  C+
ผลการศึกษา :ปกติ
THIS SEMESTER	CUMULATIVE TO THIS SEMESTER
C.Register
21	C.Earn
20	CA
20	GP
65	GPA
3.25	C.Register
21	C.Earn
20	CA
20	GP
65	GPA
3.25

ภาคการศึกษาที่ 2/2563
รหัสวิชา	ชื่อรายวิชา	หน่วยกิต	เกรด
   001212	English Critical Reading for Effective Communication	3	  B
   001253	Entrepreneurship for Small Business Start-up	3	  C
   001352	Peace and Religion for Human Kinds	3	  C+
   252100	History and Development of Mathematics	1	  C+
   252112	Calculus	4	  C+
   252141	Principles of Mathematics	3	  C+
   261103	Introductory Physics	4	  C
ผลการศึกษา :ปกติ
THIS SEMESTER	CUMULATIVE TO THIS SEMESTER
C.Register
21	C.Earn
21	CA
21	GP
50.5	GPA
2.40	C.Register
42	C.Earn
41	CA
41	GP
115.5	GPA
2.81",2.72,ไม่ชอบ,ขาดเรียนระดับปานกลาง (ขาดเรียนเกิน 3 ครั้ง แต่ไม่ถึงครึ่งของภาคเรียน),ขาดเรียนระดับปานกลาง (ขาดเรียนเกิน 3 ครั้ง แต่ไม่ถึงครึ่งของภาคเรียน),ขาดเรียนระดับปานกลาง (ขาดเรียนเกิน 3 ครั้ง แต่ไม่ถึงครึ่งของภาคเรียน),ทบทวน อ่านหนังสือคนเดียว
คณิตศาสตร์,หญิง,ไม่ได้ทำ,"ภาคการศึกษาที่ 1/2563
รหัสวิชา	ชื่อรายวิชา	หน่วยกิต	เกรด
   001211	English Listening and Speaking for Communication	3	  C+
   001227	Music Studies in Thai Culture	3	  A
   001273	Mathematics and Statistics in Everyday Life	3	  C
   001281	Sports and Exercises	1	  S
   001303	Reading in the Digital Age Century	3	  C
   252111	Fundamental Calculus	4	  D
   256103	Introductory Chemistry	4	  C
ผลการศึกษา :ปกติ
THIS SEMESTER	CUMULATIVE TO THIS SEMESTER
C.Register
21	C.Earn
20	CA
20	GP
43.5	GPA
2.17	C.Register
21	C.Earn
20	CA
20	GP
43.5	GPA
2.17

ภาคการศึกษาที่ 2/2563
รหัสวิชา	ชื่อรายวิชา	หน่วยกิต	เกรด
   001212	English Critical Reading for Effective Communication	3	  B+
   001222	Language, Society and Culture	3	  C+
   001231	Philosophy of Life for Sufficient Living	3	  C+
   252100	History and Development of Mathematics	1	  C+
   252112	Calculus	4	  C
   252141	Principles of Mathematics	3	  D
   261103	Introductory Physics	4	  D+
ผลการศึกษา :ปกติ
THIS SEMESTER	CUMULATIVE TO THIS SEMESTER
C.Register
21	C.Earn
21	CA
21	GP
45	GPA
2.14	C.Register
42	C.Earn
41	CA
41	GP
88.5	GPA
2.15","ภาคการศึกษาที่ 2/2566 รหัสวิชา	ชื่อรายวิชา	หน่วยกิต	เกรด    252492	Co-operative Education	6	   ผลการศึกษา :ยังไม่ประมวลผล THIS SEMESTER	CUMULATIVE TO THIS SEMESTER C.Register 6	C.Earn 0	CA 0	GP 0	GPA 0.00	C.Register 131	C.Earn 124	CA 117	GP 262.5	GPA 2.24",ชอบ,ขาดเรียนบ้างเล็กน้อย (ขาดเรียนไม่เกิน 3 ครั้งของภาคเรียน),ขาดเรียนระดับปานกลาง (ขาดเรียนเกิน 3 ครั้ง แต่ไม่ถึงครึ่งของภาคเรียน),ขาดเรียนบ้างเล็กน้อย (ขาดเรียนไม่เกิน 3 ครั้งของภาคเรียน),ติวหนังสือกับกลุ่มเพื่อน
คณิตศาสตร์,หญิง,ไม่ได้ทำ,"ภาคการศึกษาที่ 1/2563
รหัสวิชา	ชื่อรายวิชา	หน่วยกิต	เกรด
   001211	English Listening and Speaking for Communication	3	  C
   001222	Language, Society and Culture	3	  A
   001273	Mathematics and Statistics in Everyday Life	3	  C
   001281	Sports and Exercises	1	  S
   001301	Thai Language for Academic Communication	3	  C+
   252111	Fundamental Calculus	4	  B+
   256103	Introductory Chemistry	4	  C
ผลการศึกษา :ปกติ
THIS SEMESTER	CUMULATIVE TO THIS SEMESTER
C.Register
21	C.Earn
20	CA
20	GP
53.5	GPA
2.67	C.Register
21	C.Earn
20	CA
20	GP
53.5	GPA
2.67

ภาคการศึกษาที่ 2/2563
รหัสวิชา	ชื่อรายวิชา	หน่วยกิต	เกรด
   001212	English Critical Reading for Effective Communication	3	  B
   001227	Music Studies in Thai Culture	3	  A
   001237	Life Skills	3	  A
   252100	History and Development of Mathematics	1	  C
   252112	Calculus	4	  C+
   252141	Principles of Mathematics	3	  C
   261103	Introductory Physics	4	  D
ผลการศึกษา :ปกติ
THIS SEMESTER	CUMULATIVE TO THIS SEMESTER
C.Register
21	C.Earn
21	CA
21	GP
55	GPA
2.61	C.Register
42	C.Earn
41	CA
41	GP
108.5	GPA
2.",2.67,ชอบ,ขาดเรียนบ้างเล็กน้อย (ขาดเรียนไม่เกิน 3 ครั้งของภาคเรียน),ขาดเรียนบ้างเล็กน้อย (ขาดเรียนไม่เกิน 3 ครั้งของภาคเรียน),ขาดเรียนบ้างเล็กน้อย (ขาดเรียนไม่เกิน 3 ครั้งของภาคเรียน),ทบทวน อ่านหนังสือคนเดียว
คณิตศาสตร์,หญิง,ไม่ได้ทำ,"ภาคการศึกษาที่ 1/2563
รหัสวิชา	ชื่อรายวิชา	หน่วยกิต	เกรด
   001211	English Listening and Speaking for Communication	3	  A
   001226	Ways of Living in the Digital Age	3	  B+
   001279	Science in Everyday Life	3	  B+
   001281	Sports and Exercises	1	  S
   001301	Thai Language for Academic Communication	3	  B+
   252111	Fundamental Calculus	4	  B+
   256103	Introductory Chemistry	4	  C+
ผลการศึกษา :ปกติ
THIS SEMESTER	CUMULATIVE TO THIS SEMESTER
C.Register
21	C.Earn
20	CA
20	GP
67.5	GPA
3.37	C.Register
21	C.Earn
20	CA
20	GP
67.5	GPA
3.37

ภาคการศึกษาที่ 2/2563
รหัสวิชา	ชื่อรายวิชา	หน่วยกิต	เกรด
   001212	English Critical Reading for Effective Communication	3	  B+
   001237	Life Skills	3	  A
   001331	Social Innovation	3	  A
   252100	History and Development of Mathematics	1	  B+
   252112	Calculus	4	  A
   252141	Principles of Mathematics	3	  B+
   261103	Introductory Physics	4	  C
ผลการศึกษา :ปกติ
THIS SEMESTER	CUMULATIVE TO THIS SEMESTER
C.Register
21	C.Earn
21	CA
21	GP
72.5	GPA
3.45	C.Register
42	C.Earn
41	CA
41	GP
140	GPA
3.41
",3.59,ชอบ,ไม่ขาดเรียนเลย,ไม่ขาดเรียนเลย,ไม่ขาดเรียนเลย,ติวหนังสือกับกลุ่มเพื่อน
คณิตศาสตร์,ชาย,ทำ,"ภาคการศึกษาที่ 1/2563
รหัสวิชา	ชื่อรายวิชา	หน่วยกิต	เกรด
   001211	English Listening and Speaking for Communication	3	  C
   001226	Ways of Living in the Digital Age	3	  B
   001273	Mathematics and Statistics in Everyday Life	3	  C
   001281	Sports and Exercises	1	  S
   001302	Thai Language for Communication in the 21st Century	3	  C+
   252111	Fundamental Calculus	4	  C+
   256103	Introductory Chemistry	4	  C
ผลการศึกษา :ปกติ
THIS SEMESTER	CUMULATIVE TO THIS SEMESTER
C.Register
21	C.Earn
20	CA
20	GP
46.5	GPA
2.32	C.Register
21	C.Earn
20	CA
20	GP
46.5	GPA
2.32

ภาคการศึกษาที่ 2/2563
รหัสวิชา	ชื่อรายวิชา	หน่วยกิต	เกรด
   001213	English Writing for Effective Communication	3	  B
   001227	Music Studies in Thai Culture	3	  A
   001252	Naresuan Studies	3	  B+
   252100	History and Development of Mathematics	1	  C
   252112	Calculus	4	  B
   252141	Principles of Mathematics	3	  C
   261103	Introductory Physics	4	  C
ผลการศึกษา :ปกติ
THIS SEMESTER	CUMULATIVE TO THIS SEMESTER
C.Register
21	C.Earn
21	CA
21	GP
59.5	GPA
2.83	C.Register
42	C.Earn
41	CA
41	GP
106	GPA
2.58
",2.67,ชอบ,ไม่ขาดเรียนเลย,ไม่ขาดเรียนเลย,ขาดเรียนบ้างเล็กน้อย (ขาดเรียนไม่เกิน 3 ครั้งของภาคเรียน),ทบทวน อ่านหนังสือคนเดียว
คณิตศาสตร์,ชาย,ไม่ได้ทำ,"ภาคการศึกษาที่ 1/2563
รหัสวิชา	ชื่อรายวิชา	หน่วยกิต	เกรด
   001211	English Listening and Speaking for Communication	3	  C
   001226	Ways of Living in the Digital Age	3	  B
   001271	Man and Environment	3	  B
   001281	Sports and Exercises	1	  S
   001301	Thai Language for Academic Communication	3	  B
   252111	Fundamental Calculus	4	  D+
   256103	Introductory Chemistry	4	  C
ผลการศึกษา :ปกติ
THIS SEMESTER	CUMULATIVE TO THIS SEMESTER
C.Register
21	C.Earn
20	CA
20	GP
47	GPA
2.35	C.Register
21	C.Earn
20	CA
20	GP
47	GPA
2.35

ภาคการศึกษาที่ 2/2563
รหัสวิชา	ชื่อรายวิชา	หน่วยกิต	เกรด
   001213	English Writing for Effective Communication	3	  C
   001224	Arts in Daily Life	3	  C
   001351	From Sufficiency Economy Philosophy (SEP) to Practice	3	  A
   252100	History and Development of Mathematics	1	  C+
   252112	Calculus	4	  C
   252141	Principles of Mathematics	3	  D+
   261103	Introductory Physics	4	  D+
ผลการศึกษา :ปกติ
THIS SEMESTER	CUMULATIVE TO THIS SEMESTER
C.Register
21	C.Earn
21	CA
21	GP
45	GPA
2.14	C.Register
42	C.Earn
41	CA
41	GP
92	GPA
2.24
",2.37,ชอบ,ขาดเรียนบ้างเล็กน้อย (ขาดเรียนไม่เกิน 3 ครั้งของภาคเรียน),ไม่ขาดเรียนเลย,ขาดเรียนบ้างเล็กน้อย (ขาดเรียนไม่เกิน 3 ครั้งของภาคเรียน),ติวหนังสือกับกลุ่มเพื่อน
คณิตศาสตร์,หญิง,ไม่ได้ทำ,"ภาคการศึกษาที่ 1/2563
รหัสวิชา	ชื่อรายวิชา	หน่วยกิต	เกรด
   001211	English Listening and Speaking for Communication	3	  A
   001226	Ways of Living in the Digital Age	3	  B
   001278	Life and Health	3	  B+
   001281	Sports and Exercises	1	  S
   001301	Thai Language for Academic Communication	3	  A
   252111	Fundamental Calculus	4	  C+
   256103	Introductory Chemistry	4	  C+
ผลการศึกษา :ปกติ
THIS SEMESTER	CUMULATIVE TO THIS SEMESTER
C.Register
21	C.Earn
20	CA
20	GP
63.5	GPA
3.17	C.Register
21	C.Earn
20	CA
20	GP
63.5	GPA
3.17

ภาคการศึกษาที่ 2/2563
รหัสวิชา	ชื่อรายวิชา	หน่วยกิต	เกรด
   001212	English Critical Reading for Effective Communication	3	  B+
   001331	Social Innovation	3	  A
   001351	From Sufficiency Economy Philosophy (SEP) to Practice	3	  A
   252100	History and Development of Mathematics	1	  B
   252112	Calculus	4	  B+
   252141	Principles of Mathematics	3	  C+
   261103	Introductory Physics	4	  C
ผลการศึกษา :ปกติ
THIS SEMESTER	CUMULATIVE TO THIS SEMESTER
C.Register
21	C.Earn
21	CA
21	GP
67	GPA
3.19	C.Register
42	C.Earn
41	CA
41	GP
130.5	GPA
3.18
",3.06,ชอบ,ไม่ขาดเรียนเลย,ไม่ขาดเรียนเลย,ไม่ขาดเรียนเลย,ทบทวน อ่านหนังสือคนเดียว
คณิตศาสตร์,หญิง,ไม่ได้ทำ,"ภาคการศึกษาที่ 1/2563
รหัสวิชา	ชื่อรายวิชา	หน่วยกิต	เกรด
   001211	English Listening and Speaking for Communication	3	  C
   001222	Language, Society and Culture	3	  B+
   001273	Mathematics and Statistics in Everyday Life	3	  C
   001281	Sports and Exercises	1	  S
   001301	Thai Language for Academic Communication	3	  B
   252111	Fundamental Calculus	4	  D+
   256103	Introductory Chemistry	4	  C
ผลการศึกษา :ปกติ
THIS SEMESTER	CUMULATIVE TO THIS SEMESTER
C.Register
21	C.Earn
20	CA
20	GP
45.5	GPA
2.27	C.Register
21	C.Earn
20	CA
20	GP
45.5	GPA
2.27

ภาคการศึกษาที่ 2/2563
รหัสวิชา	ชื่อรายวิชา	หน่วยกิต	เกรด
   001212	English Critical Reading for Effective Communication	3	  B
   001253	Entrepreneurship for Small Business Start-up	3	  C
   001352	Peace and Religion for Human Kinds	3	  A
   252100	History and Development of Mathematics	1	  C
   252112	Calculus	4	  C
   252141	Principles of Mathematics	3	  C
   261103	Introductory Physics	4	  D+
ผลการศึกษา :ปกติ
THIS SEMESTER	CUMULATIVE TO THIS SEMESTER
C.Register
21	C.Earn
21	CA
21	GP
49	GPA
2.33	C.Register
42	C.Earn
41	CA
41	GP
94.5	GPA
2.30
",2.27,ไม่ชอบ,ขาดเรียนบ้างเล็กน้อย (ขาดเรียนไม่เกิน 3 ครั้งของภาคเรียน),ขาดเรียนระดับปานกลาง (ขาดเรียนเกิน 3 ครั้ง แต่ไม่ถึงครึ่งของภาคเรียน),ขาดเรียนบ้างเล็กน้อย (ขาดเรียนไม่เกิน 3 ครั้งของภาคเรียน),ทบทวน อ่านหนังสือคนเดียว
คณิตศาสตร์,ชาย,ไม่ได้ทำ,"ภาคการศึกษาที่ 1/2563
รหัสวิชา	ชื่อรายวิชา	หน่วยกิต	เกรด
   001211	English Listening and Speaking for Communication	3	  C
   001273	Mathematics and Statistics in Everyday Life	3	  C+
   001281	Sports and Exercises	1	  S
   001301	Thai Language for Academic Communication	3	  B
   001331	Social Innovation	3	  A
   252111	Fundamental Calculus	4	  C+
   256103	Introductory Chemistry	4	  D+
ผลการศึกษา :ปกติ
THIS SEMESTER	CUMULATIVE TO THIS SEMESTER
C.Register
21	C.Earn
20	CA
20	GP
50.5	GPA
2.52	C.Register
21	C.Earn
20	CA
20	GP
50.5	GPA
2.52

ภาคการศึกษาที่ 2/2563
รหัสวิชา	ชื่อรายวิชา	หน่วยกิต	เกรด
   001212	English Critical Reading for Effective Communication	3	  B
   001226	Ways of Living in the Digital Age	3	  B+
   001238	Media Literacy	3	  B
   252100	History and Development of Mathematics	1	  B+
   252112	Calculus	4	  C+
   252141	Principles of Mathematics	3	  D+
   261103	Introductory Physics	4	  D+
ผลการศึกษา :ปกติ
THIS SEMESTER	CUMULATIVE TO THIS SEMESTER
C.Register
21	C.Earn
21	CA
21	GP
52.5	GPA
2.50	C.Register
42	C.Earn
41	CA
41	GP
103	GPA
2.51",2.14,ไม่ชอบ,ขาดเรียนเป็นส่วนใหญ่ (ขาดเกินครึ่งของภาคเรียน),ขาดเรียนบ้างเล็กน้อย (ขาดเรียนไม่เกิน 3 ครั้งของภาคเรียน),ขาดเรียนบ้างเล็กน้อย (ขาดเรียนไม่เกิน 3 ครั้งของภาคเรียน),ทบทวน อ่านหนังสือคนเดียว
คณิตศาสตร์,หญิง,ไม่ได้ทำ,"ภาคการศึกษาที่ 1/2563
รหัสวิชา	ชื่อรายวิชา	หน่วยกิต	เกรด
   001211	English Listening and Speaking for Communication	3	  B+
   001226	Ways of Living in the Digital Age	3	  B
   001278	Life and Health	3	  B+
   001281	Sports and Exercises	1	  S
   001301	Thai Language for Academic Communication	3	  B
   252111	Fundamental Calculus	4	  B
   256103	Introductory Chemistry	4	  C
ผลการศึกษา :ปกติ
THIS SEMESTER	CUMULATIVE TO THIS SEMESTER
C.Register
21	C.Earn
20	CA
20	GP
59	GPA
2.95	C.Register
21	C.Earn
20	CA
20	GP
59	GPA
2.95

ภาคการศึกษาที่ 2/2563
รหัสวิชา	ชื่อรายวิชา	หน่วยกิต	เกรด
   001212	English Critical Reading for Effective Communication	3	  A
   001222	Language, Society and Culture	3	  C+
   001231	Philosophy of Life for Sufficient Living	3	  B+
   252100	History and Development of Mathematics	1	  C
   252112	Calculus	4	  B+
   252141	Principles of Mathematics	3	  C
   261103	Introductory Physics	4	  C
ผลการศึกษา :ปกติ
THIS SEMESTER	CUMULATIVE TO THIS SEMESTER
C.Register
21	C.Earn
21	CA
21	GP
60	GPA
2.85	C.Register
42	C.Earn
41	CA
41	GP
119	GPA
2.90
",3,ชอบ,ไม่ขาดเรียนเลย,ขาดเรียนบ้างเล็กน้อย (ขาดเรียนไม่เกิน 3 ครั้งของภาคเรียน),ไม่ขาดเรียนเลย,ทบทวน อ่านหนังสือคนเดียว
คณิตศาสตร์,หญิง,ไม่ได้ทำ,"001211	English Listening and Speaking for Communication	3	  A
   001226	Ways of Living in the Digital Age	3	  B+
   001278	Life and Health	3	  A
   001281	Sports and Exercises	1	  S
   001301	Thai Language for Academic Communication	3	  B+
   252111	Fundamental Calculus	4	  B
   256103	Introductory Chemistry	4	  C+
ผลการศึกษา :ปกติ
THIS SEMESTER	CUMULATIVE TO THIS SEMESTER
C.Register
21	C.Earn
20	CA
20	GP
67	GPA
3.35	C.Register
21	C.Earn
20	CA
20	GP
67	GPA
3.35

ภาคการศึกษาที่ 2/2563
รหัสวิชา	ชื่อรายวิชา	หน่วยกิต	เกรด
   001212	English Critical Reading for Effective Communication	3	  A
   001222	Language, Society and Culture	3	  B
   001231	Philosophy of Life for Sufficient Living	3	  A
   252100	History and Development of Mathematics	1	  B
   252112	Calculus	4	  B
   252141	Principles of Mathematics	3	  C
   261103	Introductory Physics	4	  C
ผลการศึกษา :ปกติ
THIS SEMESTER	CUMULATIVE TO THIS SEMESTER
C.Register
21	C.Earn
21	CA
21	GP
62	GPA
2.95	C.Register
42	C.Earn
41	CA
41	GP
129	GPA
3.14
",3.14,ชอบ,ขาดเรียนบ้างเล็กน้อย (ขาดเรียนไม่เกิน 3 ครั้งของภาคเรียน),ขาดเรียนบ้างเล็กน้อย (ขาดเรียนไม่เกิน 3 ครั้งของภาคเรียน),ขาดเรียนบ้างเล็กน้อย (ขาดเรียนไม่เกิน 3 ครั้งของภาคเรียน),ทบทวน อ่านหนังสือคนเดียว
